Index,VTI,AGG
9/29/03,0.005861588,-0.00273358
9/30/03,-0.006036425,0.005187559
10/01/03,0.019999672,-0.000485832
10/02/03,0.004516371,-0.001560121
10/03/03,0.010935006,-0.007219179
10/06/03,0.004347253,0.001474266
10/07/03,0.004530552,-0.003435417
10/08/03,-0.003807209,0.002461422
10/09/03,0.002615164,-0.003535239
10/10/03,0.001603725,0.005520005
10/13/03,0.007112483,-0.00441196
10/14/03,0.004473884,-0.001968504
10/15/03,-0.00346505,-0.002467865
10/16/03,0.004073024,-0.002669787
10/17/03,-0.010783793,0.004760058
10/20/03,0.003800734,-0.000592586
10/21/03,0.001395516,0.001975926
10/22/03,-0.01283798,0.004435877
10/23/03,0.001511591,-0.002454546
10/24/03,-0.005635629,0.004919588
10/27/03,0.00577052,-0.001958517
10/28/03,0.013283186,0.00392472
10/29/03,0.004172829,-0.004396869
10/30/03,-0.002770326,0
10/31/03,0.004562785,-0.001570025
11/03/03,0.006120452,-0.001789226
11/04/03,-0.002943081,0.001976272
11/05/03,0.001771061,0
11/06/03,0.004225096,-0.005425215
11/07/03,-0.004500735,0.000496181
11/10/03,-0.005010611,0.001883598
11/11/03,-0.001877816,-0.001780105
11/12/03,0.012072632,0.00188182
11/13/03,0.001565664,0.007319604
11/14/03,-0.007714242,0.000785856
11/17/03,-0.007869147,0.004218891
11/18/03,-0.008430678,-0.000488909
11/19/03,0.007101817,-0.00469237
11/20/03,-0.007349552,0.003438602
11/21/03,0.00060004,0.001076866
11/24/03,0.017296852,-0.004204039
11/25/03,0.00245789,0.003927318
11/26/03,0.005489209,-0.003618636
11/28/03,0.002341855,-0.001571094
12/01/03,0.010213116,-0.002741916
12/02/03,-0.00250361,-0.000297238
12/03/03,-0.003572256,0.000990035
12/04/03,0.003681068,0.001480423
12/05/03,-0.008397396,0.005031048
12/08/03,0.008275582,0
12/09/03,-0.010523931,-0.005594511
12/10/03,-0.002829445,0.003947977
12/11/03,0.013403998,0.003539364
12/12/03,0.003187704,0.000587552
12/15/03,-0.007893739,-0.000587207
12/16/03,0.005044627,0.000587552
12/17/03,0.002897303,0.00244748
12/18/03,0.010586898,0.001463653
12/19/03,-0.001428092,0.000488211
12/22/03,0.005668308,-0.000487973
12/23/03,0.003811158,-0.00389945
12/24/03,-0.000948556,0.000782943
12/26/03,0,0.00498814
12/29/03,0.012345405,-0.002433427
12/30/03,0.001500605,-0.001854103
12/31/03,-0.002809419,0.001382215
1/02/04,0.000656158,-0.005677373
1/05/04,0.011171754,0.001180903
1/06/04,0.003432864,0.004523545
1/07/04,0.002868551,0.002251588
1/08/04,0.003691619,-0.00029289
1/09/04,-0.006434782,0.00830462
1/12/04,0.004624325,-0.002809805
1/13/04,-0.002300324,0.002332603
1/14/04,0.007197297,-9.74E-05
1/15/04,0.004216608,0.001260353
1/16/04,0.003009372,-0.000775339
1/20/04,0.00254911,-0.000871774
1/21/04,0.004265206,0.000679153
1/22/04,-0.00072271,0.001743884
1/23/04,-0.001810429,-0.002418359
1/26/04,0.010508239,-0.003879993
1/27/04,-0.008515651,0.001461441
1/28/04,-0.012657782,-0.002042411
1/29/04,0.001831097,-0.00233874
1/30/04,-0.0014622,0.001953259
2/02/04,0.001830426,0.000272053
2/03/04,-0.000272876,0.002735328
2/04/04,-0.009323036,9.76E-05
2/05/04,0.003227167,-0.002825235
2/06/04,0.013702981,0.004102991
2/09/04,-0.001269792,0.000681038
2/10/04,0.00635939,-0.002139168
2/11/04,0.008302159,0.003898439
2/12/04,-0.002684935,9.57E-05
2/13/04,-0.005116276,0.004464982
2/17/04,0.010465574,-0.002414698
2/18/04,-0.004463302,-0.000775005
2/19/04,-0.005470806,0.001065495
2/20/04,-0.003065423,-0.003099123
2/23/04,-0.006694667,0.002720935
2/24/04,0.000454049,-0.000872158
2/25/04,0.005370473,0.002327271
2/26/04,0.001450652,-0.001644848
2/27/04,0.001446203,0.002712537
3/01/04,0.009750117,0.00044728
3/02/04,-0.003665972,-0.00348446
3/03/04,0.000538287,-0.001068419
3/04/04,0.004483313,0.002430822
3/05/04,0.003125471,0.007373319
3/08/04,-0.009166911,0.003371578
3/09/04,-0.005211383,0.001439454
3/10/04,-0.017880467,-0.001149908
3/11/04,-0.01277882,0.002206527
3/12/04,0.01415594,-0.003063192
3/15/04,-0.015153141,0.000192038
3/16/04,0.005501677,0.002400011
3/17/04,0.010757712,-0.000478853
3/18/04,-0.001191316,-0.000958165
3/19/04,-0.011574317,-0.001054992
3/22/04,-0.012733135,0.002592261
3/23/04,-0.001129374,9.58E-05
3/24/04,-0.001037654,0.000574513
3/25/04,0.014150273,-0.000574184
3/26/04,0.002420489,-0.003448601
3/29/04,0.009959804,-0.001825588
3/30/04,0.005533272,-0.003946633
3/31/04,0.001831902,0.004832037
4/01/04,0.00512563,0.000479353
4/02/04,0.009103206,-0.009158283
4/05/04,0.006585415,-0.006129102
4/06/04,-0.002688852,0.002838633
4/07/04,-0.004133712,-0.002439691
4/08/04,-0.001443578,0.00058702
4/12/04,0.003162684,-0.000294112
4/13/04,-0.013422349,-0.001760544
4/14/04,-0.003287786,-0.002939415
4/15/04,0.000457682,-0.001474818
4/16/04,0.004761984,0.002756126
4/19/04,0.001184264,-0.001275613
4/20/04,-0.015930951,-0.003243667
4/21/04,0.006476979,-0.00236614
4/22/04,0.01589911,0.003657754
4/23/04,-8.90E-05,-0.001970296
4/26/04,-0.004253097,-0.000295191
4/27/04,0.002272048,0.002466898
4/28/04,-0.014051951,-0.004627104
4/29/04,-0.00947292,-0.002868394
4/30/04,-0.008076124,-0.000298342
5/03/04,0.010668501,-0.001492155
5/04/04,0.001018677,0.001793262
5/05/04,0.004163943,-0.001293862
5/06/04,-0.009857597,-0.003086337
5/07/04,-0.013955852,-0.00849123
5/10/04,-0.013870062,-0.001512688
5/11/04,0.00870558,0.002523374
5/12/04,0.003606864,-0.001409469
5/13/04,-0.002835488,-0.0002005
5/14/04,-0.000380285,0.000200541
5/17/04,-0.01137853,0.005039559
5/18/04,0.007961807,0.000501904
5/19/04,-0.001332496,-0.001704351
5/20/04,0.000379812,0.002712278
5/21/04,0.003811468,-0.001603045
5/24/04,0.00379454,0.00080281
5/25/04,0.016919128,-0.000300614
5/26/04,0.002045118,0.002505345
5/27/04,0.004638945,0.004800831
5/28/04,0.000922549,-0.003483259
6/01/04,0.000924086,-0.001136765
6/02/04,0.002764929,0.000400925
6/03/04,-0.007995946,-0.000400764
6/04/04,0.006021915,-0.002107224
6/07/04,0.01492057,0.001006011
6/08/04,0.001268359,-0.002409787
6/09/04,-0.008881341,0.000300961
6/10/04,0.002286385,-0.001005541
6/14/04,-0.01031013,-0.002819933
6/15/04,0.008205659,0.008485313
6/16/04,0.000731292,-0.002003389
6/17/04,-0.00027433,0.001103997
6/18/04,0.000274405,0.001503503
6/21/04,-0.002466602,0.001301185
6/22/04,0.002655249,-0.000399602
6/23/04,0.010323319,-0.000801098
6/24/04,-0.001897999,0.003803934
6/25/04,-0.001087973,-0.000299709
6/28/04,-0.005279132,-0.003291513
6/29/04,0.004301882,-0.001800011
6/30/04,0.004006194,0.007919817
7/01/04,-0.009707556,0.001270988
7/02/04,-0.002564115,0.006376576
7/06/04,-0.008084101,-0.0006928
7/07/04,0.000647317,-0.000593797
7/08/04,-0.008882322,0.001090311
7/09/04,0.003080436,-0.002972172
7/12/04,-0.000278525,0.002981032
7/13/04,0.001767684,-0.001089123
7/14/04,-0.004552865,0.000594149
7/15/04,-0.00242774,-0.001882428
7/16/04,-0.004587233,0.006651539
7/19/04,0,-0.001479011
7/20/04,0.007053236,-0.002666472
7/21/04,-0.016806318,-0.00237688
7/22/04,0.00341725,0.002183219
7/23/04,-0.010978521,0.002277908
7/26/04,-0.002967015,-0.00464468
7/27/04,0.009885645,-0.002283336
7/28/04,0.000762419,0.001492405
7/29/04,0.006361719,-0.002285151
7/30/04,0.003113286,0.007369541
8/02/04,0.002540652,-0.000274511
8/03/04,-0.007694616,0.001388443
8/04/04,-0.002646554,0.002179699
8/05/04,-0.016782348,0.000692524
8/06/04,-0.013981891,0.006421495
8/09/04,0.000292634,0.000686094
8/10/04,0.011926409,-0.002647398
8/11/04,-0.002509695,0.000687444
8/12/04,-0.011043457,0.002063988
8/13/04,0.00156638,0.001961581
8/16/04,0.012614867,-0.001174032
8/17/04,0.005021946,0.002939297
8/18/04,0.012011283,-0.003224057
8/19/04,-0.003036983,0.003332592
8/20/04,0.0083796,-0.002930396
8/23/04,-0.00226569,0.000292675
8/24/04,-0.001609119,9.80E-05
8/25/04,0.008912107,9.80E-05
8/26/04,-0.000470273,0.001860871
8/27/04,0.003666948,0.000684874
8/30/04,-0.007118624,0.000977722
8/31/04,0.003489917,0
9/01/04,0.001879553,0.003603353
9/02/04,0.011261005,-0.003999489
9/03/04,-0.003339246,-0.000490111
9/07/04,0.006981872,-9.78E-05
9/08/04,-0.004159601,0.003038641
9/09/04,0.002042982,-0.000977827
9/10/04,0.006670969,0.002152715
9/13/04,0.001564685,0.00097516
9/14/04,0.002941943,0.001072999
9/15/04,-0.006232996,-0.000584507
9/16/04,0.003227617,0.003019946
9/17/04,0.003034678,-0.004177028
9/20/04,-0.003850418,0.004291885
9/21/04,0.006439795,-0.000290758
9/22/04,-0.013709579,0.003303795
9/23/04,-0.004262073,-0.00300303
9/24/04,0.002232582,0.000292273
9/27/04,-0.005061223,-0.000292187
9/28/04,0.005433644,0.001652174
9/29/04,0.002236419,-0.005722424
9/30/04,0.001672377,0.001462789
10/01/04,0.016147267,-0.001785579
10/04/04,0.003288454,0.000293566
10/05/04,-0.000273725,-9.88E-05
10/06/04,0.006100814,-0.00185838
10/07/04,-0.009050374,0
10/08/04,-0.008311504,0.004901423
10/11/04,0.002395295,0.000976413
10/12/04,-0.002205394,-0.000975461
10/13/04,-0.007364408,0.001463103
10/14/04,-0.008904284,0.004773497
10/15/04,0.005426651,-0.001841263
10/18/04,0.004375787,-0.000874024
10/19/04,-0.008803962,0.000484987
10/20/04,0.000278769,0.003498969
10/21/04,0.004581591,-0.002517637
10/22/04,-0.009025728,0.002427437
10/25/04,-0.000750548,0.001161867
10/26/04,0.015785419,-0.002902799
10/27/04,0.012304173,-0.002231305
10/28/04,-0.000458,0.001168011
10/29/04,0.002925495,0.002621562
11/01/04,0.001459652,-0.002146559
11/02/04,-0.0023676,-0.000876461
11/03/04,0.012956557,0.002144005
11/04/04,0.01567311,-0.000875353
11/05/04,0.003546681,-0.002528836
11/08/04,-0.002473448,-0.003610119
11/09/04,0.001063328,0.002350224
11/10/04,0.000529962,-0.0011716
11/11/04,0.009375135,0.000977479
11/12/04,0.008587625,0.001171829
11/15/04,0.000694469,0.000488447
11/16/04,-0.005902239,-0.000976416
11/17/04,0.005851983,0.002538743
11/18/04,0.001562162,0.000389355
11/19/04,-0.01213689,-0.00204407
11/22/04,0.006581707,0.001560001
11/23/04,0.000349566,-0.000584089
11/24/04,0.005750139,0.000974051
11/26/04,0,-0.002919309
11/29/04,-0.002164854,-0.002734179
11/30/04,-0.002171783,0.000490073
12/01/04,0.012967346,-0.003751844
12/02/04,-0.000514527,0.001872331
12/03/04,0.000172334,0.005800977
12/06/04,-0.000603064,0.001075556
12/07/04,-0.009802946,0.001367145
12/08/04,0.003995714,0.003413196
12/09/04,0.004671276,-0.001360634
12/10/04,-0.001206096,-0.001264738
12/13/04,0.009483167,0.001462087
12/14/04,0.00444024,0.000972801
12/15/04,0.00322969,0.002235117
12/16/04,-0.001694594,-0.003878752
12/17/04,-0.005092412,-0.002434412
12/20/04,-0.001791686,0.000975839
12/21/04,0.009317234,0
12/22/04,0.003726446,0.002145658
12/23/04,0.001095133,0.000485649
12/27/04,-0.00479382,-0.003793133
12/28/04,0.008356134,-0.000487261
12/29/04,0.001437631,-0.000196207
12/30/04,-0.000844959,0.002051519
12/31/04,-0.002534862,0.001310646
1/03/05,-0.007200002,0
1/04/05,-0.013310619,-0.000976432
1/05/05,-0.006919514,-0.000390051
1/06/05,0.004791146,0.000683985
1/07/05,-0.003208369,-0.000293581
1/10/05,0.004000062,-0.00048794
1/11/05,-0.006062415,0.001368104
1/12/05,0.004444415,0.001465543
1/13/05,-0.007806427,0.002438497
1/14/05,0.004457331,-0.003600136
1/18/05,0.010879444,0.002636903
1/19/05,-0.008953242,0.00145976
1/20/05,-0.006081899,0.001361755
1/21/05,-0.005157285,0.000486214
1/24/05,-0.005358989,0.000192896
1/25/05,0.002561998,-0.001746192
1/26/05,0.006168174,-0.000486734
1/27/05,0.001399564,-0.001360522
1/28/05,-0.003672629,0.003408939
1/31/05,0.010182336,-0.001262047
2/01/05,0.00564765,0.00106601
2/02/05,0.004577007,0.000779213
2/03/05,-0.002406527,-0.000972885
2/04/05,0.009913455,0.003895329
2/07/05,-0.000427168,0.000193713
2/08/05,0.001707221,0.000582515
2/09/05,-0.009376979,0.002714341
2/10/05,0.003443086,-0.005124428
2/11/05,0.008147902,0.001361214
2/14/05,0.000254125,0.000193769
2/15/05,0.003572049,-0.001940295
2/16/05,0.000168771,-0.001166142
2/17/05,-0.006522543,-0.000487332
2/18/05,-0.000426803,0.000291644
2/22/05,-0.015103522,-0.002822891
2/23/05,0.005284241,0.000488807
2/24/05,0.007584359,-0.000975638
2/25/05,0.010007971,0.000879081
2/28/05,-0.004996562,-0.002634928
3/01/05,0.005701782,-0.000712318
3/02/05,-0.000846961,-0.00127677
3/03/05,0.001100686,0.00078752
3/04/05,0.010068085,0.002848188
3/07/05,0.002512783,0.000294062
3/08/05,-0.00634834,-0.002155321
3/09/05,-0.009080995,-0.006083107
3/10/05,-0.001783014,-0.001185655
3/11/05,-0.003229482,0.000790365
3/14/05,0.004944836,-0.000394871
3/15/05,-0.005260672,0.00019827
3/16/05,-0.008616671,0.000691538
3/17/05,0.001206185,-0.000198094
3/18/05,-0.002150523,-0.000691197
3/21/05,-0.003100789,0
3/22/05,-0.008552589,-0.005435021
3/23/05,-0.000785429,0.001291994
3/24/05,0.00024717,0.000595769
3/28/05,0.0008749,-0.001983702
3/29/05,-0.008396595,-0.000596598
3/30/05,0.013581958,0.002983247
3/31/05,-0.000608586,0.000496488
4/01/05,-0.004267126,0.005898752
4/04/05,0.003322473,-0.001185807
4/05/05,0.003138583,-0.001978691
4/06/05,0.002258189,0.002577398
4/07/05,0.005460794,-0.00118651
4/08/05,-0.008621408,0
4/11/05,-0.00078294,0.001881628
4/12/05,0.005135152,0.002766606
4/13/05,-0.010821214,0.001379487
4/14/05,-0.011816721,0.000886342
4/15/05,-0.015943283,0.003539228
4/18/05,0.003598827,-0.001175582
4/19/05,0.008431022,0.001275795
4/20/05,-0.014228291,0.000684941
4/21/05,0.018945035,-0.002446464
4/22/05,-0.006551167,0.00205995
4/25/05,0.00980201,-0.000391707
4/26/05,-0.010766447,-0.002448381
4/27/05,0.003658133,0.004124636
4/28/05,-0.013245183,0.002542858
4/29/05,0.011981687,-0.001657676
5/02/05,0.005074211,3.58E-05
5/03/05,0.003099895,-0.000687718
5/04/05,0.008565743,0.001079311
5/05/05,-0.001839332,0.000687449
5/06/05,-0.000263246,-0.003722491
5/09/05,0.005527389,-0.000786768
5/10/05,-0.009074386,0.001082283
5/11/05,0.005018812,0.001670268
5/12/05,-0.011389136,0.002355674
5/13/05,-0.004253353,0.000978479
5/16/05,0.009966883,-0.001467028
5/17/05,0.006874123,0.001175645
5/18/05,0.012078365,0.002641723
5/19/05,0.004495677,-0.00244031
5/20/05,-0.001377263,-0.001172548
5/23/05,0.005172406,0.003328104
5/24/05,0,0.00175653
5/25/05,-0.003688652,-0.000194169
5/26/05,0.005681545,-9.78E-05
5/27/05,0.001541352,-0.000682014
5/31/05,-0.002734515,0.002729918
6/01/05,0.008313226,0.007396579
6/02/05,0.001528315,-0.000678562
6/03/05,-0.00576938,-0.002520613
6/06/05,0.001621674,0.000194497
6/07/05,0.000680564,0.002623721
6/08/05,-0.002298049,-0.001841055
6/09/05,0.005205857,-9.72E-05
6/10/05,-0.001274207,-0.003883587
6/13/05,0.002296499,-0.000877879
6/14/05,0.003391549,-0.001267682
6/15/05,0.001354614,-0.00058651
6/16/05,0.004642404,0.003030599
6/17/05,0.004285388,0
6/20/05,-8.30E-05,-0.002241334
6/21/05,-0.00192408,0.004101808
6/22/05,0.001927789,0.004279718
6/23/05,-0.012134047,-0.000969186
6/24/05,-0.008471691,0.001550732
6/27/05,0.00096914,0.000774899
6/28/05,0.010192164,-0.002902155
6/29/05,-0.001695524,-0.000483875
6/30/05,-0.004925154,0.003201888
7/01/05,0.003668883,-0.003562759
7/05/05,0.008673124,-0.003700618
7/06/05,-0.00767117,0.001564642
7/07/05,0.002887622,0.001268641
7/08/05,0.012283757,-0.001657456
7/11/05,0.00711198,9.74E-05
7/12/05,0.00166382,-0.000488422
7/13/05,0.001242638,-0.00136707
7/14/05,0.000995397,0
7/15/05,0.000826575,0.00048933
7/18/05,-0.004133652,-0.00175984
7/19/05,0.006558785,0.000489953
7/20/05,0.003218292,0.001662953
7/21/05,-0.006084508,-0.0051785
7/22/05,0.006784474,0.00147285
7/25/05,-0.002466364,0
7/26/05,0.001236231,0.001079292
7/27/05,0.00395022,-0.000587936
7/28/05,0.006884646,0.002941407
7/29/05,-0.004477227,-0.003127807
8/01/05,-0.001390659,-0.000580986
8/02/05,0.006141119,-0.002165135
8/03/05,0.000814781,0.003256235
8/04/05,-0.008864605,-0.000983625
8/05/05,-0.007710751,-0.004921485
8/08/05,-0.003306935,-0.000198191
8/09/05,0.005142966,0.001781089
8/10/05,0.00148521,9.82E-05
8/11/05,0.004860503,0.002665877
8/12/05,-0.006148614,0.002856121
8/15/05,0.005115806,-0.000883246
8/16/05,-0.013053195,0.002358885
8/17/05,-8.43E-05,-0.002059352
8/18/05,-0.001081687,0.002751962
8/19/05,0.003497655,-0.000980252
8/22/05,-0.00091291,0.000882206
8/23/05,-0.001328508,0.000686539
8/24/05,-0.006571264,0.001273284
8/25/05,0.00318322,0
8/26/05,-0.006845475,-0.00078245
8/29/05,0.006975729,0.000390794
8/30/05,-0.003337846,0.002447035
8/31/05,0.012895229,0.003904228
9/01/05,-8.38E-05,0.001368123
9/02/05,-0.00256277,-0.000487112
9/06/05,0.011603063,-0.001949398
9/07/05,0.003279213,-0.001659931
9/08/05,-0.003512752,-9.84E-05
9/09/05,0.006803074,-0.000293791
9/12/05,0.000243462,-0.001369466
9/13/05,-0.006347039,0.00244988
9/14/05,-0.004095774,-0.0010759
9/15/05,0.000245965,-0.002446525
9/16/05,0.006824893,-0.002255145
9/19/05,-0.003673914,0.000884314
9/20/05,-0.009836692,-0.000687356
9/21/05,-0.009518994,0.002261275
9/22/05,0.00342732,0.000882146
9/23/05,0.001999126,-0.001764208
9/26/05,0.001251438,-0.00245421
9/27/05,0,-0.000688574
9/28/05,0.000917416,0.002757672
9/29/05,0.008333263,-0.002259054
9/30/05,0.002893789,-0.000492146
10/03/05,0.000494765,-0.00339349
10/04/05,-0.012190561,0.00138724
10/05/05,-0.015426782,0.001585338
10/06/05,-0.004063469,-0.000692303
10/07/05,0.003571651,-0.000988843
10/10/05,-0.008727417,0.001286176
10/11/05,-0.003419924,-0.002965651
10/12/05,-0.00746267,-0.000397784
10/13/05,-0.000778256,-0.002579199
10/14/05,0.010637903,-0.00029774
10/17/05,0.00265307,0.001591892
10/18/05,-0.010155749,-0.000396969
10/19/05,0.014657998,0.001787813
10/20/05,-0.01495644,0.000198951
10/21/05,0.004831223,0.002281546
10/24/05,0.016654719,-0.001980145
10/25/05,-0.002447696,-0.002973885
10/26/05,-0.003726467,-0.003978496
10/27/05,-0.013169656,0.00229681
10/28/05,0.015671734,-0.001593795
10/31/05,0.004576581,-0.000100051
11/01/05,0.001856354,0.000340507
11/02/05,0.012046068,-0.000901737
11/03/05,0.003661719,-0.003406982
11/04/05,-8.37E-05,0.001006097
11/07/05,0.000746888,0.000100359
11/08/05,-0.000579086,0.00341485
11/09/05,0.002403449,-0.002603172
11/10/05,0.00595561,0.003512379
11/11/05,0.004441301,0.001000664
11/14/05,-0.002046645,-0.003396769
11/15/05,-0.003938197,0.001403701
11/16/05,0.001894817,0.002301888
11/17/05,0.009371144,0.000299362
11/18/05,0.006434594,-0.00039903
11/21/05,0.004450106,0.003196497
11/22/05,0.00555831,0.002589435
11/23/05,0.004646406,-0.000696039
11/25/05,0.001355891,0.000895107
11/28/05,-0.00899824,-0.00139032
11/29/05,0.000160151,-0.001392256
11/30/05,-0.003936242,-0.002090553
12/01/05,0.012502493,-0.00141646
12/02/05,0.000317546,0
12/05/05,-0.002230152,0.000502126
12/06/05,-0.000159077,0.001703692
12/07/05,-0.004231323,-0.00130087
12/08/05,0.000161801,0.005110517
12/09/05,0.002323493,-0.003388701
12/12/05,0.001680577,-0.002101362
12/13/05,0.005667719,0.003809478
12/14/05,0.001984739,0.002695682
12/15/05,-0.002534474,-0.000995771
12/16/05,-0.001192306,-9.92E-05
12/19/05,-0.008430336,0.000798379
12/20/05,0.000801237,0.000297488
12/21/05,0.003606722,0
12/22/05,0.004631196,0.002191289
12/23/05,0.000637639,0.002585116
12/27/05,-0.009169734,0.002576978
12/28/05,0.001452098,-0.003535339
12/29/05,-0.003703741,0.000697195
12/30/05,-0.003715483,0.001194569
1/03/06,0.014758661,0.000497266
1/04/06,0.007270001,0.002383631
1/05/06,-0.000634967,0
1/06/06,0.009843269,-0.002279675
1/09/06,0.0036942,0.001092451
1/10/06,0.001410931,-0.001984241
1/11/06,0.002813961,-0.000696086
1/12/06,-0.005692358,0.002587473
1/13/06,0.001098151,0.002779092
1/17/06,-0.003524775,0.0004951
1/18/06,-0.003852892,0.00118736
1/19/06,0.006234416,-0.001482805
1/20/06,-0.017569826,0.000495002
1/23/06,0.002954964,0
1/24/06,0.003024159,-0.001681883
1/25/06,-0.002222448,-0.002476489
1/26/06,0.008510417,-0.003079411
1/27/06,0.007967591,0.001296021
1/30/06,0.001017036,9.87E-05
1/31/06,-0.004925065,0.00019877
2/01/06,0.003849565,-0.002788119
2/02/06,-0.008922348,0.000701193
2/03/06,-0.004893618,0.002801331
2/06/06,0.002379203,-0.000200061
2/07/06,-0.009736545,-0.000698884
2/08/06,0.007194692,-0.000499131
2/09/06,-0.001903817,0.000599551
2/10/06,0.002067068,-0.002096436
2/13/06,-0.004523833,0.000700772
2/14/06,0.009486816,-0.00159959
2/15/06,0.003790371,0.001101572
2/16/06,0.007787009,-0.001001534
2/17/06,-0.001171268,0.004106124
2/21/06,-0.002811985,-0.003689369
2/22/06,0.007836374,0.004004115
2/23/06,-0.002487751,-0.000598295
2/24/06,0.001558967,0.000797224
2/27/06,0.002878721,-0.002092883
2/28/06,-0.009855757,0.002097273
3/01/06,0.008777727,2.94E-05
3/02/06,-0.00069798,-0.002501393
3/03/06,-0.001633008,-0.002005248
3/06/06,-0.007320495,-0.005528834
3/07/06,-0.004080966,0.002526673
3/08/06,0.002836557,0.00050495
3/09/06,-0.005341691,-0.001309838
3/10/06,0.007817764,0.0004031
3/13/06,0.002430368,0.001814699
3/14/06,0.010317751,0.003322647
3/15/06,0.004488789,-0.002708857
3/16/06,0.002157051,0.004225059
3/17/06,0.000767615,-0.002204445
3/20/06,-0.002112213,-0.000401157
3/21/06,-0.005564021,-0.002611521
3/22/06,0.006061253,0.001812141
3/23/06,-0.000231646,-0.000803283
3/24/06,0.001312967,0.001709826
3/27/06,-0.000694189,0.000804032
3/28/06,-0.00586804,-0.002508922
3/29/06,0.009320833,-0.002012777
3/30/06,-0.002694272,-0.004535661
3/31/06,0.000539925,0.003341009
4/03/06,-0.001079266,-0.000984436
4/04/06,0.00578996,0.001319316
4/05/06,0.003684933,0.000708439
4/06/06,-0.000458687,-0.000810129
4/07/06,-0.010711424,-0.003342454
4/10/06,0.001314286,-0.000914636
4/11/06,-0.009037371,0.00203488
4/12/06,0.002027702,-0.000913614
4/13/06,-0.000233268,-0.002032605
4/17/06,-0.001557426,0.001628502
4/18/06,0.017222678,-0.000711032
4/19/06,0.002986486,0.000915473
4/20/06,0.001374274,-0.001524393
4/21/06,-0.000457463,-0.000101285
4/24/06,-0.002898589,0.003765794
4/25/06,-0.00321493,-0.003346522
4/26/06,0.000230241,-0.001730251
4/27/06,0.002917639,0.002344809
4/28/06,0.001912657,0.002238132
5/01/06,-0.004812602,-0.003925802
5/02/06,0.005910088,0.001022585
5/03/06,-0.002898589,-0.00071478
5/04/06,0.004668438,-0.000511135
5/05/06,0.008530136,0.001841327
5/08/06,0.000907898,0.000714342
5/09/06,-7.54E-05,-0.000510093
5/10/06,-0.001359772,-0.001123371
5/11/06,-0.012921258,-0.000612218
5/12/06,-0.013398435,-0.002147803
5/15/06,0.001085966,0.000615406
5/16/06,-0.003176879,0.00491574
5/17/06,-0.018274743,-0.002853612
5/18/06,-0.004673526,0.004189131
5/19/06,0.005650077,-0.000203242
5/22/06,-0.005934747,0.000203283
5/23/06,-0.007800424,-0.002747477
5/24/06,0.003450668,0.000203802
5/25/06,0.013831137,-0.000101137
5/26/06,0.005678112,0.004285353
5/30/06,-0.018114011,-0.002234989
5/31/06,0.011819769,-0.002239996
6/01/06,0.012707443,-0.000791486
6/02/06,0.001949789,0.007690349
6/05/06,-0.01680437,-0.003256569
6/06/06,-0.004508192,0.002654977
6/07/06,-0.006518812,-0.003156542
6/08/06,-0.000959647,0.00336973
6/09/06,-0.003842275,0.001426439
6/12/06,-0.013104077,-0.003049559
6/13/06,-0.011891846,0.002854567
6/14/06,0.006347094,-0.003761791
6/15/06,0.023099284,-0.001633103
6/16/06,-0.005204248,-0.000613044
6/19/06,-0.010060682,-0.002660135
6/20/06,0.000245845,0.000615057
6/21/06,0.011135441,0.000308083
6/22/06,-0.005466226,-0.0043044
6/23/06,0.001535158,0.000515533
6/26/06,0.004902959,-0.002881018
6/27/06,-0.009517234,0.002785991
6/28/06,0.007083921,-0.001029148
6/29/06,0.021832647,0.00350181
6/30/06,-0.000474541,-0.00010281
7/03/06,0.007679003,0.001521451
7/05/06,-0.008169832,-0.002983227
7/06/06,0.003246363,0.000928239
7/07/06,-0.008289062,0.003711004
7/10/06,0.001194615,0.000925435
7/11/06,0.003656741,0.001641388
7/12/06,-0.010695641,0.000614882
7/13/06,-0.01489664,0.000818846
7/14/06,-0.005854555,0.00133009
7/17/06,-0.001717465,-0.002145412
7/18/06,0.003359303,-0.000716675
7/19/06,0.016492424,0.003892677
7/20/06,-0.010200982,0.001021426
7/21/06,-0.0079517,-0.000611936
7/24/06,0.019466642,0.001530038
7/25/06,0.003370163,-0.000814675
7/26/06,0.002720106,0.000611873
7/27/06,-0.002551987,0.001629682
7/28/06,0.008793657,0.002136029
7/31/06,-7.89E-05,-0.001216938
8/01/06,-0.005151721,0.002435372
8/02/06,0.00629457,0.000407597
8/03/06,0.002216408,0.000203716
8/04/06,-0.000473754,0.003153285
8/07/06,-0.003319815,0.000102247
8/08/06,-0.004599683,0
8/09/06,-0.005098693,0.000810592
8/10/06,0.003843617,-0.000506392
8/11/06,-0.003110361,-0.001722897
8/14/06,0.001839784,-0.001117428
8/15/06,0.012779311,0.002439421
8/16/06,0.009780469,0.00324562
8/17/06,0.002264022,0.000202377
8/18/06,0.003974902,0.000707448
8/21/06,-0.003804661,0.002424861
8/22/06,0.000312127,-0.000504985
8/23/06,-0.004672689,0.000303435
8/24/06,-0.000235607,-0.000101598
8/25/06,0.000391473,0.001008825
8/28/06,0.00578998,-0.000906303
8/29/06,0.001945337,0.000402038
8/30/06,0.002173388,0.001511751
8/31/06,-0.000154217,0.00130811
9/01/06,0.005811017,0.000134546
9/05/06,0.002003128,-0.001210754
9/06/06,-0.010686226,0.000202761
9/07/06,-0.003730109,-0.000302632
9/08/06,0.002028283,0.001312285
9/11/06,0.000309922,-0.000705911
9/12/06,0.011362866,0.00242177
9/13/06,0.005309341,0.000805788
9/14/06,-0.002142612,-0.001408272
9/15/06,0.002376249,-0.000303437
9/18/06,0.001454739,-0.000200907
9/19/06,-0.003285521,0.002317402
9/20/06,0.005980359,0.001106262
9/21/06,-0.006250107,0.004319306
9/22/06,-0.002530269,0.000599635
9/25/06,0.008560841,0.001998541
9/26/06,0.006965046,-0.000100157
9/27/06,0.001216857,-0.000397806
9/28/06,0.000985848,-0.000999206
9/29/06,-0.00288133,0.000500102
10/02/06,-0.003042338,0.00094528
10/03/06,0.001525811,-0.000200325
10/04/06,0.010588893,0.003907111
10/05/06,0.004823328,-0.003093565
10/06/06,-0.001950187,-0.003703778
10/09/06,0.000901559,0.002109959
10/10/06,0.00232817,-0.003910245
10/11/06,-0.001797309,-0.001107219
10/12/06,0.00998298,0.001007679
10/13/06,0.003491828,-0.00251666
10/16/06,0.002740063,0.001614726
10/17/06,-0.003913092,0.001511365
10/18/06,0.001407485,0.001207268
10/19/06,0.001111929,-0.000502422
10/20/06,-0.000296918,-0.000301605
10/23/06,0.004291924,-0.00291639
10/24/06,0.00242979,0.001109453
10/25/06,0.00330714,0.002417941
10/26/06,0.005274708,0.003417154
10/27/06,-0.007650265,0.002003245
10/30/06,0.000365721,0.000199924
10/31/06,-0.000292833,0.003697855
11/01/06,-0.009029547,0.00171836
11/02/06,-0.000593012,-0.001097693
11/03/06,-0.0001488,-0.005197383
11/06/06,0.011121257,0
11/07/06,0.003445231,0.002512236
11/08/06,0.002558754,0.002705504
11/09/06,-0.005467501,0.000299958
11/10/06,0.002272034,0.00219714
11/13/06,0.002266883,-0.001195426
11/14/06,0.007806765,0.001397043
11/15/06,0.003763715,-0.001894152
11/16/06,0.002164332,-0.000899157
11/17/06,-0.000504693,0.002598954
11/20/06,0.000576318,0.000697686
11/21/06,0.002591048,0.001295205
11/22/06,0.002799566,0.001193047
11/24/06,-0.002935417,0.000497571
11/27/06,-0.015864121,-0.000497323
11/28/06,0.003794075,0.002682924
11/29/06,0.010244359,-0.001485899
11/30/06,0.001582834,0.003076463
12/01/06,-0.002801175,0.001867804
12/04/06,0.009794176,0.00099187
12/05/06,0.003637193,-0.00059369
12/06/06,-0.000568783,-0.000793461
12/07/06,-0.004478853,-0.000892474
12/08/06,0.001715002,-0.002084769
12/11/06,0.002137873,0.000596289
12/12/06,-0.001565605,0.001989262
12/13/06,0.001711092,-0.003076391
12/14/06,0.007611842,-0.001393443
12/15/06,0.000281669,-0.000199139
12/18/06,-0.004092676,0.000597537
12/19/06,0.001417249,0.000697416
12/20/06,-0.000426151,-0.000397843
12/21/06,-0.00389314,0.001992828
12/22/06,-0.005629159,-0.000895834
12/26/06,0.006107389,-0.000297469
12/27/06,0.006568546,-0.002711865
12/28/06,-0.001418474,-0.00130235
12/29/06,-0.003979472,-0.000100529
1/02/07,0,0
1/03/07,-0.001853487,0.002107079
1/04/07,0.002001395,0.002101235
1/05/07,-0.007915744,-0.000699413
1/08/07,0.00366512,0.000599715
1/09/07,0,0
1/10/07,0.002219648,-0.001098583
1/11/07,0.007576251,-0.001900282
1/12/07,0.006594237,-0.001401757
1/16/07,-0.00190225,0.001504294
1/17/07,0.000706654,-0.000800519
1/18/07,-0.005360513,0.001402739
1/19/07,0.003899535,-0.000400019
1/22/07,-0.003955805,0.000500578
1/23/07,0.002836547,-0.001902374
1/24/07,0.008841317,-0.000300202
1/25/07,-0.011216669,-0.001304571
1/26/07,-0.000638084,-0.000100701
1/29/07,0.000211664,-0.001306407
1/30/07,0.005746956,0.001509802
1/31/07,0.007263501,0.00080269
2/01/07,0.005741967,0.000538476
2/02/07,0.001253068,0.001409199
2/05/07,0.00118121,0.001609459
2/06/07,7.02E-05,0.001907632
2/07/07,0.003263531,0.001203564
2/08/07,-0.00124587,0.000599651
2/09/07,-0.007554605,-0.002300099
2/12/07,-0.003560698,-0.001002532
2/13/07,0.008479101,-0.000100213
2/14/07,0.006672104,0.003814111
2/15/07,0.000205951,0.001399193
2/16/07,0.0006909,0.000699321
2/20/07,0.002965759,0.000499567
2/21/07,0.000412012,-9.96E-05
2/22/07,-0.000342354,-0.001996067
2/23/07,-0.003233135,0.002399228
2/26/07,-0.001309695,0.002194378
2/27/07,-0.03709425,0.004078343
2/28/07,0.007892135,-0.000593591
3/01/07,-0.002848193,-0.000260722
3/02/07,-0.014274602,0.002090501
3/05/07,-0.01158541,-0.000595642
3/06/07,0.016849346,-0.000696259
3/07/07,-0.000792269,0.000795681
3/08/07,0.008362756,-0.000893908
3/09/07,0.0003579,-0.002785857
3/12/07,0.002645395,0.003092709
3/13/07,-0.017966187,0.002585797
3/14/07,0.005081612,-0.001190901
3/15/07,0.003973144,-0.00109215
3/16/07,-0.004315735,9.89E-05
3/19/07,0.011415989,-0.000694936
3/20/07,0.006571832,0.000993655
3/21/07,0.015967956,0.001293393
3/22/07,0.000559783,-0.001886832
3/23/07,0.001953841,-0.001391679
3/26/07,-0.001671701,-0.000598461
3/27/07,-0.003996083,0.000199606
3/28/07,-0.006545174,0.000498219
3/29/07,0.002763675,-0.000697438
3/30/07,-0.000565434,-0.000896135
4/02/07,0.002474741,0.001295112
4/03/07,0.009095505,-0.001000426
4/04/07,0.001048204,0.001100592
4/05/07,0.002791712,-0.000899875
4/09/07,0.001184328,-0.00380243
4/10/07,0.002780646,0.001506873
4/11/07,-0.006378263,-0.000601842
4/12/07,0.006557972,0.001204409
4/13/07,0.003327405,-0.001604413
4/16/07,0.01008821,0.00200909
4/17/07,0.001573608,0.002905522
4/18/07,0.000887012,0.001498742
4/19/07,-0.001841139,-0.000399531
4/20/07,0.008887002,-0.000498568
4/23/07,-0.001966366,0.000999027
4/24/07,-0.000135016,0.000498319
4/25/07,0.008895617,0.000399292
4/26/07,0.000335436,-0.00189414
4/27/07,-0.001075349,-0.000199248
4/30/07,-0.008823714,0.003396255
5/01/07,0.00224225,-0.000577784
5/02/07,0.00739086,0.000300177
5/03/07,0.004441639,-0.001098929
5/04/07,0.002947999,0.001300415
5/07/07,0.001604168,0.0009987
5/08/07,-0.00100059,-0.001097613
5/09/07,0.003539176,-0.001198838
5/10/07,-0.012576202,0.001700971
5/11/07,0.009366589,-0.00199799
5/14/07,-0.003004174,0.000200338
5/15/07,-0.002677876,-0.000400596
5/16/07,0.008592541,0.000200378
5/17/07,-0.002395808,-0.001701482
5/18/07,0.007473347,-0.002908459
5/21/07,0.002847164,0.002011251
5/22/07,-0.000131334,-0.002007214
5/23/07,-0.000528648,-0.000803662
5/24/07,-0.01024269,0.000402854
5/25/07,0.004873539,-0.000503364
5/29/07,0.003986936,-0.001007235
5/30/07,0.008603517,0.001209901
5/31/07,0.001575536,-0.002214073
6/01/07,0.00406132,-0.001031695
6/04/07,0.001630773,0.001216581
6/05/07,-0.00508107,-0.002835239
6/06/07,-0.010214038,0.000406186
6/07/07,-0.019713154,-0.00690376
6/08/07,0.013699629,-0.00122653
6/11/07,0.001197983,0.000716709
6/12/07,-0.012300133,-0.005931967
6/13/07,0.015616633,0.001543456
6/14/07,0.007158561,0.001951937
6/15/07,0.005330356,0.003588369
6/18/07,-0.001570217,0.000715391
6/19/07,0.002754213,0.003164682
6/20/07,-0.013142497,-0.003053298
6/21/07,0.004967841,-0.001224777
6/22/07,-0.008437897,0.002350721
6/25/07,-0.007068291,0.000917199
6/26/07,-0.008132968,-0.001222282
6/27/07,0.014773304,0.001938001
6/28/07,-0.000133936,-0.000712842
6/29/07,-0.002270689,0.001935632
7/02/07,0.011580673,0.00266075
7/03/07,0.00430214,-0.001119854
7/05/07,-0.000527003,-0.004180979
7/06/07,0.005537254,-0.001739513
7/09/07,-0.000524377,0.001742544
7/10/07,-0.013709949,0.00430011
7/11/07,0.007317093,-0.002241992
7/12/07,0.015118947,-0.001022145
7/13/07,0.002992435,0.001227547
7/16/07,-0.000713758,0.002042465
7/17/07,-0.000582525,-0.001834612
7/18/07,-0.002274283,0.002552912
7/19/07,0.002408403,0
7/20/07,-0.008959395,0.002342867
7/23/07,0.001966069,-0.000609206
7/24/07,-0.017523968,0.002033326
7/25/07,0.000200209,-0.000608341
7/26/07,-0.023688322,0.003552912
7/27/07,-0.018809049,-0.001010926
7/30/07,0.014793422,-0.000506673
7/31/07,-0.013688838,0.003140728
8/01/07,0.005898118,-0.002322069
8/02/07,0.008485673,-0.000507914
8/03/07,-0.02599406,0.004375305
8/06/07,0.016855081,-0.001620734
8/07/07,0.007529339,-0.000710048
8/08/07,0.015081957,-0.001219086
8/09/07,-0.027148858,0.001220574
8/10/07,-0.002292149,-0.003350744
8/13/07,0.001948548,0.00183268
8/14/07,-0.017429793,0.002746084
8/15/07,-0.013358686,0.001319186
8/16/07,0.006447408,-0.000608694
8/17/07,0.018220844,0.002230457
8/20/07,0.002097726,-0.000910177
8/21/07,0.000138191,0.004656408
8/22/07,0.013950227,-0.000807259
8/23/07,-0.001583096,0.001210483
8/24/07,0.011712589,-0.002517524
8/27/07,-0.01041946,0.003028099
8/28/07,-0.020506295,0.004027118
8/29/07,0.019882297,-0.002005483
8/30/07,-0.002618163,0.002110126
8/31/07,0.009876823,0.000601034
9/04/07,0.011626876,-0.001114751
9/05/07,-0.008789828,0.003224137
9/06/07,0.003000964,-0.000201633
9/07/07,-0.014482606,0.006225803
9/10/07,-0.004278012,0.002395561
9/11/07,0.013095944,-0.001791357
9/12/07,0.003421123,-0.001396686
9/13/07,0.003747903,-0.00289689
9/14/07,0.000883648,0.000702036
9/17/07,-0.005292226,0.000399319
9/18/07,0.027898224,0.002102423
9/19/07,0.007234039,-0.000200525
9/20/07,-0.006062149,-0.007090737
9/21/07,0.002386472,0.002917287
9/24/07,-0.002841745,0.00010002
9/25/07,-0.002330806,0.00080282
9/26/07,0.007342039,-0.001002036
9/27/07,0.005500287,0.001704621
9/28/07,-0.00349271,0.001502001
10/01/07,0.012897126,-0.003371018
10/02/07,-0.001633158,0.003827836
10/03/07,-0.001568931,0.000502425
10/04/07,0.001900034,-0.000401192
10/05/07,0.010853123,-0.007927407
10/08/07,-0.001293243,0.007888925
10/09/07,0.006993503,-0.002107999
10/10/07,-0.00192967,0.001307969
10/11/07,-0.00566995,0.000703686
10/12/07,0.004990483,-0.001907493
10/15/07,-0.00780347,0.000300967
10/16/07,-0.007082949,0.001609687
10/17/07,0.000718927,0.003412186
10/18/07,0.000262833,0.002899817
10/19/07,-0.025698315,0.004587486
10/22/07,0.004898636,-0.000297142
10/23/07,0.00714704,-0.000298582
10/24/07,-0.000663766,0.004370595
10/25/07,-0.000664207,-0.002571386
10/26/07,0.012018655,-0.000891715
10/29/07,0.004002851,0
10/30/07,-0.007122292,0.001289483
10/31/07,0.013032313,-0.002775223
11/01/07,-0.025340051,0.002469223
11/02/07,-0.000199692,0.001095329
11/05/07,-0.007867469,-0.000894707
11/06/07,0.013843288,-0.001293363
11/07/07,-0.027574906,0.000198509
11/08/07,-0.001294909,0.000996401
11/09/07,-0.013173665,0.003485279
11/12/07,-0.013002523,-0.001389807
11/13/07,0.029221671,9.96E-05
11/14/07,-0.003472309,-0.000397024
11/15/07,-0.014416861,0.004273406
11/16/07,0.003950707,-0.000693116
11/19/07,-0.016364551,0.002178725
11/20/07,0.003860436,-0.002074928
11/21/07,-0.017482279,0.00762344
11/23/07,0.014947105,-0.005109519
11/26/07,-0.019565381,0.009085934
11/27/07,0.012230258,-0.004110866
11/28/07,0.030597723,-0.002456728
11/29/07,0.000479237,0.00285789
11/30/07,0.007058262,0.001964608
12/03/07,-0.006055835,0.005380122
12/04/07,-0.006436219,-0.003818604
12/05/07,0.014952901,-0.001867545
12/06/07,0.014461433,-0.001083023
12/07/07,0.001204511,-0.005717646
12/10/07,0.008556554,-0.001982847
12/11/07,-0.027240356,0.004867762
12/12/07,0.006337054,-0.000988581
12/13/07,0.00013521,-0.003859416
12/14/07,-0.013674126,-0.00278177
12/17/07,-0.015306233,0.001493575
12/18/07,0.007178796,0.005272738
12/19/07,-0.001036531,0.002077736
12/20/07,0.006971369,-0.000888802
12/21/07,0.015424518,-0.00434927
12/24/07,0.009330944,0.000298719
12/26/07,0.000809216,-0.003077364
12/27/07,-0.012541694,0.005484623
12/28/07,-0.003824522,0.005367869
12/31/07,-0.005003255,0.000296327
1/02/08,-0.011849231,0.004745148
1/03/08,-0.001185621,0.002656209
1/04/08,-0.026735183,0.002059735
1/07/08,0.0005021,-0.001175136
1/08/08,-0.01792068,0.004999875
1/09/08,0.010584368,-0.002341331
1/10/08,0.006571753,-0.002052487
1/11/08,-0.009400427,0.004310924
1/14/08,0.009635277,0.000780082
1/15/08,-0.024250229,0.003606542
1/16/08,-0.006029322,-0.003011403
1/17/08,-0.027519631,0.006040999
1/18/08,-0.006770091,-0.000193911
1/22/08,-0.011105607,0.001548983
1/23/08,0.026177205,-0.002997
1/24/08,0.006415296,-0.002522389
1/25/08,-0.014547225,0.001749881
1/28/08,0.02092631,0.001941205
1/29/08,0.004098753,-0.003100172
1/30/08,-0.009055974,0.001555559
1/31/08,0.020300838,0.004366015
2/01/08,0.016153014,-0.001020541
2/04/08,-0.011849544,-0.000583576
2/05/08,-0.028370767,0.003109455
2/06/08,-0.007600133,-0.000775278
2/07/08,0.009175677,-0.008820118
2/08/08,-0.00586127,0.004792261
2/11/08,0.005818925,0.002140435
2/12/08,0.009244039,-0.000388693
2/13/08,0.011392394,-0.005926302
2/14/08,-0.012958316,-0.003126684
2/15/08,0.000224047,-0.000490815
2/19/08,0.003206408,-0.004805521
2/20/08,0.004683499,-0.001577911
2/21/08,-0.011171152,0.008194057
2/22/08,0.004638205,-0.00528724
2/25/08,0.016756844,-0.003544441
2/26/08,0.006446416,0.004841024
2/27/08,-0.001600841,0.002064729
2/28/08,-0.010060145,0.005984438
2/29/08,-0.022090735,0.003802713
3/03/08,-0.003538771,-0.000167762
3/04/08,-0.003174237,-0.004292314
3/05/08,0.005608414,-0.006366947
3/06/08,-0.020730725,-0.001477699
3/07/08,-0.010776871,0.003059835
3/10/08,-0.015252742,0.00531475
3/11/08,0.035403956,-0.006070054
3/12/08,-0.009540273,0.010245099
3/13/08,0.006471846,-0.004291059
3/14/08,-0.01837447,0.004211607
3/17/08,-0.011544311,0.004290177
3/18/08,0.041584234,-0.002330806
3/19/08,-0.026742031,0.003017658
3/20/08,0.020939476,0.00349254
3/24/08,0.021651402,-0.007347622
3/25/08,0.001448028,0.001849853
3/26/08,-0.011755213,-0.002916178
3/27/08,-0.003711721,0.000390134
3/28/08,-0.008895848,0.002436088
3/31/08,0.005063165,-0.001554841
4/01/08,0.03412245,-0.006796625
4/02/08,0.000663882,0.000492999
4/03/08,0.001181032,-0.000197364
4/04/08,0.000367749,0.008464783
4/07/08,0.000515014,-9.72E-05
4/08/08,-0.001838898,-9.72E-05
4/09/08,-0.008998035,0.004392817
4/10/08,0.003497313,-0.003111094
4/11/08,-0.018911583,0.002145714
4/14/08,-0.003401026,-0.001168119
4/15/08,0.004778782,-0.00535712
4/16/08,0.024759513,-0.003622298
4/17/08,0.001252202,-0.000197111
4/18/08,0.013758774,0.002654348
4/21/08,-0.002105101,9.77E-05
4/22/08,-0.008362764,0.001470012
4/23/08,0.003080476,-0.000977703
4/24/08,0.005556741,-0.003723331
4/25/08,0.007706994,-0.000983623
4/28/08,-0.000433204,0.002460826
4/29/08,-0.004187713,0.00147261
4/30/08,-0.003986842,0.006079748
5/01/08,0.017613376,-0.001697169
5/02/08,0.002860897,-0.001665041
5/05/08,-0.005134581,0.000392275
5/06/08,0.008529783,-0.003235649
5/07/08,-0.01407379,0.002852759
5/08/08,-0.002018134,0.002551087
5/09/08,-0.000578273,0.000391277
5/12/08,0.010336516,-0.001761352
5/13/08,0.001145377,-0.0056826
5/14/08,0.003144459,0.001477047
5/15/08,0.010612991,0.005314478
5/16/08,0.001762436,-0.002446848
5/19/08,0.001548962,0.001668146
5/20/08,-0.008220686,0.002154342
5/21/08,-0.016787734,-0.001367998
5/22/08,0.003385691,-0.005970672
5/23/08,-0.014431958,0.003839645
5/27/08,0.00874276,-0.005591323
5/28/08,0.005993926,-0.004636656
5/29/08,0.004379512,-0.002773958
5/30/08,0.001930302,0.003577754
6/02/08,-0.007990161,0.003719714
6/03/08,-0.005394533,0.001882356
6/04/08,0.00180793,-0.003559457
6/05/08,0.019487627,-0.003670308
6/06/08,-0.030159486,0.005576306
6/09/08,0.000802604,-0.0050504
6/10/08,-0.005033353,-0.005275559
6/11/08,-0.015100443,0.001301142
6/12/08,0.002977376,-0.006195455
6/13/08,0.014842689,-0.002514319
6/16/08,0.001680314,0.00110877
6/17/08,-0.007153557,0.003423552
6/18/08,-0.00735225,0.00421521
6/19/08,0.00296304,-0.005096325
6/20/08,-0.016249464,0.003013584
6/23/08,-0.003003085,-0.001302183
6/24/08,-0.004947592,0.00200475
6/25/08,0.007147184,0.000500185
6/26/08,-0.028989157,0.001300622
6/27/08,-0.001399348,0.002397623
6/30/08,-0.002025358,0.000498091
7/01/08,0.004680508,-0.003463885
7/02/08,-0.020498295,-0.001203458
7/03/08,-0.000953142,0.000300897
7/07/08,-0.009679526,0.003514688
7/08/08,0.018429139,0.003903364
7/09/08,-0.020299077,0.003886877
7/10/08,0.006263503,0.000894904
7/11/08,-0.00877944,-0.00565527
7/14/08,-0.009821368,0.0014969
7/15/08,-0.012847782,0.003884552
7/16/08,0.023062873,-0.007641261
7/17/08,0.010468655,-0.004399869
7/18/08,0.005577832,-0.005825999
7/21/08,0.002692629,0.004041705
7/22/08,0.013277173,-0.002212998
7/23/08,0.004836261,0.001209646
7/24/08,-0.023440949,0.006950041
7/25/08,0.003021194,-0.005101645
7/28/08,-0.013470754,0.004524146
7/29/08,0.021204867,-0.001200567
7/30/08,0.013371159,0.001101952
7/31/08,-0.01133212,0.005105221
8/01/08,-0.004397161,-0.00117627
8/04/08,-0.008358201,-0.002902875
8/05/08,0.025604622,-0.001706594
8/06/08,0.001241013,-0.001106774
8/07/08,-0.014249318,0.005235664
8/08/08,0.021209773,-0.001501968
8/11/08,0.009999742,-0.002508358
8/12/08,-0.010966295,0.004224007
8/13/08,-0.002309977,-0.001702151
8/14/08,0.005247453,0.002407289
8/15/08,0.005835486,0.002901712
8/18/08,-0.014655209,0.001696037
8/19/08,-0.010537647,-0.0007964
8/20/08,0.003601941,0.00159407
8/21/08,0.002652912,0.000199267
8/22/08,0.01400624,-0.001093798
8/25/08,-0.021025766,0.00308815
8/26/08,0.003291763,-0.001191691
8/27/08,0.006719412,0.001193112
8/28/08,0.016297182,0.000894093
8/29/08,-0.013135061,-0.00029863
9/02/08,-0.004177908,0.003326177
9/03/08,-0.001864638,-0.000198055
9/04/08,-0.030670824,0.003674448
9/05/08,0.005943582,-0.00296827
9/08/08,0.017403532,0.006253089
9/09/08,-0.034684312,0.004439838
9/10/08,0.006665652,-0.000687418
9/11/08,0.0140511,-0.001278427
9/12/08,0.009873953,-0.004033867
9/15/08,-0.045891576,0.00395233
9/16/08,0.012893412,-0.010137601
9/17/08,-0.044714046,0.002485518
9/18/08,0.033481868,-0.002776672
9/19/08,0.048263525,0.004476045
9/22/08,-0.03453058,-0.015644741
9/23/08,-0.016986253,-0.001507663
9/24/08,-0.000901068,0.001207951
9/25/08,0.017881977,-0.001811053
9/26/08,-0.000821348,-0.005039683
9/29/08,-0.065889374,-0.004558161
9/30/08,0.026561906,0.003358665
10/01/08,-0.001198903,-0.007128475
10/02/08,-0.044949344,0.003897413
10/03/08,-0.015268633,0.007560303
10/06/08,-0.03483973,0.000304092
10/07/08,-0.061046859,-0.02067988
10/08/08,-0.019123588,-0.020080494
10/09/08,-0.062794333,0.002324427
10/10/08,-0.028904726,-0.068395842
10/13/08,0.128299977,0.038687591
10/14/08,-0.008594649,0.021020588
10/15/08,-0.09352918,0.015999978
10/16/08,0.046031304,-0.01574801
10/17/08,-0.009353457,0.003626791
10/20/08,0.051287898,0.017854556
10/21/08,-0.030211745,0.008770681
10/22/08,-0.055776712,0.011593015
10/23/08,0.012482899,-0.01759872
10/24/08,-0.047996341,-0.008436394
10/27/08,-0.032376445,-0.009979613
10/28/08,0.100382112,0.003501488
10/29/08,-0.009992298,0.019031762
10/30/08,0.033787041,-0.001245986
10/31/08,0.022070636,-0.003115479
11/03/08,-0.00332216,-0.015907483
11/04/08,0.036041213,0.016057389
11/05/08,-0.049466868,0.015175809
11/06/08,-0.049078298,-0.004123755
11/07/08,0.025805646,0.005072317
11/10/08,-0.011059524,-0.006386296
11/11/08,-0.022808919,0.007567808
11/12/08,-0.051165458,-0.008642865
11/13/08,0.065988715,0.003425301
11/14/08,-0.042601723,0.002999108
11/17/08,-0.02618763,0.002680862
11/18/08,0.009280307,-0.001439886
11/19/08,-0.06059787,0.002883924
11/20/08,-0.066766566,0.000205782
11/21/08,0.056751619,-0.0080079
11/24/08,0.059556804,-0.000104369
11/25/08,0.013930397,0.024945468
11/26/08,0.036959824,-0.00383726
11/28/08,0.012109061,-0.001926676
12/01/08,-0.089390444,0.014101079
12/02/08,0.039413008,0.001006164
12/03/08,0.02575931,9.96E-05
12/04/08,-0.029762367,0.00331525
12/05/08,0.035467913,-0.0055063
12/08/08,0.038185109,-0.001309332
12/09/08,-0.018279862,0.009375941
12/10/08,0.011354332,-0.001797842
12/11/08,-0.028064466,0.005203549
12/12/08,0.009932012,0.000298626
12/15/08,-0.016467941,0.002388295
12/16/08,0.052557923,0.003970156
12/17/08,-0.007291645,0.005339662
12/18/08,-0.017361148,0.006295298
12/19/08,-0.000905976,-0.00322549
12/22/08,-0.014048594,0.005393633
12/23/08,-0.01065775,0.009752398
12/24/08,0.003982129,0.004733342
12/26/08,0.010497658,-0.003364324
12/29/08,-0.007617761,0.007706438
12/30/08,0.026283875,0.000384532
12/31/08,0.014051522,0.00067144
1/02/09,0.02883393,-0.006237127
1/05/09,-0.000216237,0.015933506
1/06/09,0.008257398,-0.005608345
1/07/09,-0.028016834,-0.009176765
1/08/09,0.0044323,-0.007621797
1/09/09,-0.024501572,-0.003402396
1/12/09,-0.021950206,0.005267439
1/13/09,0.001387255,0.00164951
1/14/09,-0.032579978,-0.001355963
1/15/09,0.003582799,-9.71E-05
1/16/09,0.00737971,0.005141737
1/20/09,-0.051973754,-0.005212022
1/21/09,0.040868572,-0.00523933
1/22/09,-0.017239129,-0.004292125
1/23/09,0.006090609,-0.001567158
1/26/09,0.005568865,-0.000981798
1/27/09,0.011797903,0.005107846
1/28/09,0.034507263,0.000585407
1/29/09,-0.032895562,-0.008886222
1/30/09,-0.02140703,0.006306337
2/02/09,-0.001702213,-0.001712101
2/03/09,0.014122745,-0.004429149
2/04/09,-0.005283088,-0.001385211
2/05/09,0.01593058,-0.003167877
2/06/09,0.028749029,0.00268151
2/09/09,0.00022987,9.88E-05
2/10/09,-0.045717194,0.006142015
2/11/09,0.006049347,-0.00019757
2/12/09,0.002644568,0.00531781
2/13/09,-0.010072875,-0.003036089
2/17/09,-0.043130477,0.00078488
2/18/09,-0.003291625,-0.00206042
2/19/09,-0.01067215,-0.001574282
2/20/09,-0.011812749,-0.005123226
2/23/09,-0.03404199,0.005149608
2/24/09,0.03631918,-0.001970956
2/25/09,-0.007788756,-0.000888366
2/26/09,-0.018316426,-0.005236422
2/27/09,-0.01892346,9.90E-05
3/02/09,-0.04645391,0.003357903
3/03/09,-0.008547672,-0.001290585
3/04/09,0.021839429,-0.004673649
3/05/09,-0.040492764,0.003296717
3/06/09,-0.000295189,0.002688336
3/09/09,-0.012019481,-0.00685149
3/10/09,0.063799639,0.002299586
3/11/09,0.003625835,0.002394726
3/12/09,0.041133154,0.000895243
3/13/09,0.010678881,0.000994528
3/16/09,-0.005549053,-0.003079341
3/17/09,0.031607504,-0.002989827
3/18/09,0.021370781,0.015890419
3/19/09,-0.010083963,0.002459278
3/20/09,-0.021133752,-0.005592949
3/23/09,0.069458616,0
3/24/09,-0.019948579,-0.006810146
3/25/09,0.010446414,-0.004371617
3/26/09,0.024981591,0.001996401
3/27/09,-0.018821204,0.000796969
3/30/09,-0.035169364,0.004676565
3/31/09,0.008920858,0.00515082
4/01/09,0.01996135,-0.000484692
4/02/09,0.029971084,-0.003165845
4/03/09,0.012506155,-0.003275461
4/06/09,-0.009738236,-0.000198514
4/07/09,-0.025426145,-0.001593484
4/08/09,0.014029478,0.003292124
4/09/09,0.040535021,-0.001492313
4/13/09,0.001397166,0.007269146
4/14/09,-0.018633949,-0.000197081
4/15/09,0.010680968,0.002768469
4/16/09,0.01714551,-0.001774191
4/17/09,0.006694779,-0.00553272
4/20/09,-0.042430475,0.005761522
4/21/09,0.019879309,-0.003160215
4/22/09,-0.004228341,0.00267457
4/23/09,0.00707716,0.001284786
4/24/09,0.017563054,0.001085153
4/27/09,-0.010356492,0.001578401
4/28/09,-0.001860908,-0.000296187
4/29/09,0.02376533,-0.004135341
4/30/09,-0.000227637,0.004845436
5/01/09,0.005692229,-0.003856407
5/04/09,0.034178473,0.000792577
5/05/09,-0.00350269,0.00208012
5/06/09,0.015595237,0.002272128
5/07/09,-0.015572075,-0.004436637
5/08/09,0.022627628,0.001882319
5/11/09,-0.01718485,0.000691722
5/12/09,-0.002623572,0.005529952
5/13/09,-0.028489051,0.000883855
5/14/09,0.010150883,0.000589958
5/15/09,-0.010495611,0.002255414
5/18/09,0.030692133,-0.002936463
5/19/09,0.000219014,0.000884403
5/20/09,-0.005693118,0.00303931
5/21/09,-0.018052842,-0.003127846
5/22/09,0.000672805,-0.002648642
5/26/09,0.026888851,-0.002261182
5/27/09,-0.016802623,-0.005519211
5/28/09,0.012428216,0.000396328
5/29/09,0.015564463,0.010699116
6/01/09,0.024820173,-0.012404332
6/02/09,0.004002637,0.006869136
6/03/09,-0.012167396,0.002768079
6/04/09,0.009980758,-0.008282557
6/05/09,-0.001892796,-0.005169343
6/08/09,-0.002736745,-0.002697083
6/09/09,0.005279708,0.004508559
6/10/09,-0.002522137,-0.00279293
6/11/09,0.005899866,0.003501256
6/12/09,0.000837895,0.004883902
6/15/09,-0.023227182,0.003769976
6/16/09,-0.013925372,0.001382869
6/17/09,-0.001303808,0.001973688
6/18/09,0.005439624,-0.00649972
6/19/09,0.003676386,0.003667659
6/22/09,-0.028884813,0.001481893
6/23/09,0,0.003254345
6/24/09,0.007875476,-0.002654573
6/25/09,0.023239661,0.004632992
6/26/09,-0.001947743,0.002944013
6/29/09,0.009536933,-0.000881352
6/30/09,-0.006654014,0.000196441
7/01/09,0.00583564,-0.000369335
7/02/09,-0.026216211,0.002357695
7/06/09,-0.003748928,-0.00078405
7/07/09,-0.02059944,0.00323736
7/08/09,-0.001355753,0.00547616
7/09/09,0.00203639,-0.002820402
7/10/09,-0.002484745,0.003413434
7/13/09,0.023108124,-0.000485276
7/14/09,0.007086222,-0.003014575
7/15/09,0.02990389,-0.006535587
7/16/09,0.009819362,0.003141125
7/17/09,0.000423316,0
7/20/09,0.011199505,0.001175464
7/21/09,0.004390054,0.006940005
7/22/09,0.000623713,-0.00339786
7/23/09,0.02370581,-0.002532275
7/24/09,0.003249,0
7/27/09,0.00425317,-0.00302753
7/28/09,-0.002419753,0.001861456
7/29/09,-0.004851244,0.001759626
7/30/09,0.010765192,0.001269222
7/31/09,0.001606874,0.005069228
8/03/09,0.016850977,-0.002099188
8/04/09,0.003746772,-0.003022784
8/05/09,-0.002358881,-0.000880283
8/06/09,-0.006894993,0.000489613
8/07/09,0.014085489,-0.005969377
8/10/09,-0.002347805,0.007777055
8/11/09,-0.012939872,0.003516316
8/12/09,0.010925365,-0.000486801
8/13/09,0.008842329,0.002531624
8/14/09,-0.009154832,0.001748424
8/17/09,-0.025948168,0.004168961
8/18/09,0.0104946,-0.00328259
8/19/09,0.008587244,0.002034088
8/20/09,0.0095042,0.001644569
8/21/09,0.018636508,-0.005791915
8/24/09,0.001346123,0.004078081
8/25/09,0.001923021,0.001643515
8/26/09,-0.000766383,0.001447211
8/27/09,0.003456993,-0.000770892
8/28/09,-0.00076657,-0.000674748
8/31/09,-0.009578265,0.004150447
9/01/09,-0.022050547,-0.001714774
9/02/09,-0.004152433,0.005312497
9/03/09,0.009134841,-0.001825113
9/04/09,0.01279469,-0.001925888
9/08/09,0.010105078,-0.001446299
9/09/09,0.010003987,0.001931192
9/10/09,0.010284055,0.005110203
9/11/09,0.000755009,-9.59E-05
9/14/09,0.005274455,-0.001439589
9/15/09,0.004873735,-0.001536495
9/16/09,0.015664,0.00076943
9/17/09,-0.001836156,0.004711536
9/18/09,0.00147335,-0.002488202
9/21/09,-0.002755242,-0.000767141
9/22/09,0.005892363,-0.000672964
9/23/09,-0.010253375,0.002498004
9/24/09,-0.010632559,0.001246489
9/25/09,-0.006387223,0.00296704
9/28/09,0.018718487,-9.54E-05
9/29/09,-0.00167002,-0.000476992
9/30/09,-0.003718326,0.001813436
10/01/09,-0.02649734,0.0023139
10/02/09,-0.005942819,-0.001908154
10/05/09,0.015426834,0.000669012
10/06/09,0.014811765,-0.001432298
10/07/09,0.00224648,0.004017141
10/08/09,0.008774278,-0.000666845
10/09/09,0.006849212,-0.006959047
10/12/09,0.003674486,0.002304054
10/13/09,-0.002745241,0.002489625
10/14/09,0.017813987,-0.002388245
10/15/09,0.003428093,-0.001532756
10/16/09,-0.007373515,-9.56E-05
10/19/09,0.008152535,0.002014351
10/20/09,-0.006109463,0.002393046
10/21/09,-0.00976316,-0.000668501
10/22/09,0.010772367,-0.001528344
10/23/09,-0.012826127,-0.001244574
10/26/09,-0.011344151,-0.002683228
10/27/09,-0.005367193,0.003939925
10/28/09,-0.021771145,0.001435314
10/29/09,0.020162694,-0.002007035
10/30/09,-0.027036131,0.003831294
11/02/09,0.005557479,-0.00159226
11/03/09,0.004573797,-0.001341298
11/04/09,0.001707088,-0.001631502
11/05/09,0.019130074,0.002595093
11/06/09,0.002601425,0.000863189
11/09/09,0.022427415,0.001341844
11/10/09,0.000363443,0.000286304
11/11/09,0.005073676,0.000383609
11/12/09,-0.011178456,0.002007536
11/13/09,0.005834132,0.001049742
11/16/09,0.015046952,0.002383706
11/17/09,0.001072084,0.000854865
11/18/09,-0.000713264,-0.002089328
11/19/09,-0.014283782,0.001047442
11/20/09,-0.003078021,0.000380275
11/23/09,0.011807981,-0.000190065
11/24/09,0.000717875,0.00294716
11/25/09,0.003948618,0.000948891
11/27/09,-0.016801033,0.000852721
11/30/09,0.00254468,0.00170399
12/01/09,0.012329711,-0.002440186
12/02/09,0.002866388,-0.00190165
12/03/09,-0.00893056,9.54E-05
12/04/09,0.007389468,-0.001999345
12/07/09,-0.001253125,0.000953864
12/08/09,-0.010388309,0.00133508
12/09/09,0.003259329,-0.001047088
12/10/09,0.005050792,-0.000762853
12/11/09,0.005025409,-0.002383523
12/14/09,0.007502503,0.000573649
12/15/09,-0.004256401,-0.002770849
12/16/09,0.002494205,0.001820755
12/17/09,-0.01118979,0.001624579
12/18/09,0.00610827,0
12/21/09,0.009816262,-0.004199571
12/22/09,0.005124148,-0.002876768
12/23/09,0.003363835,0.000384279
12/24/09,0.005113621,-0.001729186
12/28/09,0.001229725,-0.006065018
12/29/09,-0.001754012,0.001180612
12/30/09,-0.000349792,0.00252365
12/31/09,-0.009836252,-0.001258649
1/04/10,0.016675091,0.001163386
1/05/10,0.003837682,0.00454901
1/06/10,0.001391101,-0.000577791
1/07/10,0.004165494,-0.00115744
1/08/10,0.003285338,0.000578795
1/11/10,0.001378875,-0.000771281
1/12/10,-0.010324337,0.006371551
1/13/10,0.009387024,-0.004220808
1/14/10,0.001723502,0.002600749
1/15/10,-0.011348769,0.001921791
1/19/10,0.013217314,-0.001629383
1/20/10,-0.0092678,0.002593253
1/21/10,-0.018365873,0.000287263
1/22/10,-0.02205974,0.00057436
1/25/10,0.004330877,-9.57E-05
1/26/10,-0.004493264,0.001245033
1/27/10,0.004875214,-0.000764495
1/28/10,-0.011856367,-0.000861896
1/29/10,-0.011815458,0.002298402
2/01/10,0.015267631,-0.001368805
2/02/10,0.012863963,0.001151089
2/03/10,-0.005007718,-0.001820757
2/04/10,-0.031103328,0.0024006
2/05/10,0.001669887,0.000383035
2/08/10,-0.007781959,0.001916797
2/09/10,0.013257621,-0.001816709
2/10/10,-0.001474662,-0.002299463
2/11/10,0.010703348,-0.001631753
2/12/10,0,0.000192772
2/16/10,0.016796398,0.002499636
2/17/10,0.005567317,-0.003068986
2/18/10,0.005714357,-0.000384508
2/19/10,0.003551437,0.000769313
2/22/10,-0.001592184,-0.001730214
2/23/10,-0.012051754,0.003563571
2/24/10,0.00896834,0.001055359
2/25/10,-0.000354145,0.002014153
2/26/10,0,0.000190654
3/01/10,0.011915428,0.001468462
3/02/10,0.003163101,0.000384201
3/03/10,0.00122554,0
3/04/10,0.00262439,0.001819262
3/05/10,0.015882994,-0.001912091
3/08/10,0.00017111,0.00067069
3/09/10,0.002060925,0.001149151
3/10/10,0.005314429,-0.000669471
3/11/10,0.00375,0
3/12/10,0,9.50E-05
3/15/10,-0.000338384,0.001244689
3/16/10,0.008155441,0.001814916
3/17/10,0.006404813,0.000763714
3/18/10,-0.00117156,-0.000857792
3/19/10,-0.006540466,-0.000763786
3/22/10,0.0070898,0.00076437
3/23/10,0.007037948,0.000190654
3/24/10,-0.00582461,-0.005055466
3/25/10,-0.001748703,-0.00258818
3/26/10,-0.00016702,0.001634478
3/29/10,0.005893288,-0.001151797
3/30/10,0.000502069,0.000383983
3/31/10,-0.003010903,0.00057693
4/01/10,0.00721508,-0.000375377
4/05/10,0.009663953,-0.006163669
4/06/10,0.002804048,0.001260278
4/07/10,-0.005265905,0.004257549
4/08/10,0.002316745,-0.000963576
4/09/10,0.006766624,0.001061192
4/12/10,0.002295855,0.002312124
4/13/10,0.000981145,0.001634613
4/14/10,0.012254177,-0.001152099
4/15/10,0.001292331,0.001826457
4/16/10,-0.015638599,0.00153471
4/19/10,0.002620447,-0.001820334
4/20/10,0.009474529,0.001631319
4/21/10,-0.000810134,0.001724673
4/22/10,0.004859139,-0.00200807
4/23/10,0.006769155,-0.00124615
4/26/10,-0.003521556,-9.62E-05
4/27/10,-0.02409681,0.003166472
4/28/10,0.006583595,-0.001530307
4/29/10,0.013082956,0.00038287
4/30/10,-0.017109424,0.004309447
5/03/10,0.013466559,-0.001898416
5/04/10,-0.024307672,0.004023562
5/05/10,-0.008139007,-0.000762879
5/06/10,-0.033655731,0.001432653
5/07/10,-0.018888178,-0.004387107
5/10/10,0.045919916,-9.57E-05
5/11/10,-0.000843481,0.003735616
5/12/10,0.016055261,-0.001049058
5/13/10,-0.011977335,0.0014332
5/14/10,-0.018012892,0.003624958
5/17/10,0.000686267,-0.000761063
5/18/10,-0.014047958,0.003424495
5/19/10,-0.007298451,0.00047368
5/20/10,-0.038858555,-0.000852221
5/21/10,0.014569695,0.004267049
5/24/10,-0.01256515,-0.000566216
5/25/10,0,0.001228647
5/26/10,-0.004181565,-0.001132832
5/27/10,0.034867045,-0.002361497
5/28/10,-0.010583658,0.00104101
6/01/10,-0.020682123,0.001647513
6/02/10,0.026033211,-0.00104167
6/03/10,0.005323841,-0.000474713
6/04/10,-0.035123117,0.002561442
6/07/10,-0.016279565,0.002934338
6/08/10,0.008554415,-0.001132698
6/09/10,-0.004608873,0.000566991
6/10/10,0.030747009,-0.003021474
6/11/10,0.006109,0.000568387
6/14/10,0.000179252,0.001420161
6/15/10,0.022499315,0
6/16/10,-0.001047629,0.001511159
6/17/10,0.001748551,0.002359629
6/18/10,0.000696589,-0.001600267
6/21/10,-0.003836621,0.002168807
6/22/10,-0.01715659,0.001034613
6/23/10,-0.003918627,0.002537607
6/24/10,-0.015831069,-0.000842969
6/25/10,0.005112468,0.001406893
6/28/10,-0.003451454,0.001873981
6/29/10,-0.031352738,0.002993216
6/30/10,-0.010914488,9.29E-05
7/01/10,-0.004375091,-0.000518859
7/02/10,-0.004778244,-0.001403234
7/06/10,0.003072935,0.003091906
7/07/10,0.032542766,-0.001308086
7/08/10,0.009824621,-0.000186952
7/09/10,0.007709882,-0.001497031
7/12/10,0.000366021,0.001124741
7/13/10,0.016389672,-0.002526973
7/14/10,-0.000178965,0.003377833
7/15/10,0.000894986,0.001402315
7/16/10,-0.029004514,0.003081225
7/19/10,0.005715907,-0.000931451
7/20/10,0.011549974,-0.000744953
7/21/10,-0.012506425,0.004382685
7/22/10,0.022210843,-0.000928944
7/23/10,0.010235362,-0.001765058
7/26/10,0.012264105,-0.000186065
7/27/10,-0.001229695,-0.000372199
7/28/10,-0.00703202,0.001861687
7/29/10,-0.005134522,0.00093024
7/30/10,0.001068573,0.001671976
8/02/10,0.021509875,-0.001362531
8/03/10,-0.005394605,0.000652388
8/04/10,0.007874648,-0.001768167
8/05/10,-0.002084828,0.001211645
8/06/10,-0.003653076,0.001954731
8/09/10,0.0052381,0
8/10/10,-0.00625177,0.001672536
8/11/10,-0.029541081,0.000927884
8/12/10,-0.005583103,-0.001575269
8/13/10,-0.00380327,0.002320095
8/16/10,-0.000910091,0.003333919
8/17/10,0.014194473,-0.001199791
8/18/10,0.002334008,-0.001109688
8/19/10,-0.017545482,0.003237765
8/20/10,-0.003462148,-0.001382499
8/23/10,-0.005302579,0.001015162
8/24/10,-0.014337992,0.003966259
8/25/10,0.003170953,-0.002296648
8/26/10,-0.00613404,0.001289484
8/27/10,0.017207871,-0.005517974
8/30/10,-0.014710601,0.006750823
8/31/10,0.000372827,0.000734703
9/01/10,0.029290307,-0.002130406
9/02/10,0.010512888,-0.00129142
9/03/10,0.013274163,-0.002309088
9/07/10,-0.010797661,0.002869897
9/08/10,0.00518965,-0.000738499
9/09/10,0.004985039,-0.004803791
9/10/10,0.004250533,-0.00213501
9/13/10,0.012701679,0.002232603
9/14/10,-0.000173977,0.003619898
9/15/10,0.003310146,-0.001849663
9/16/10,-0.000348861,-0.001667781
9/17/10,0.000522476,0.00129933
9/20/10,0.016493263,0.000370755
9/21/10,-0.00239218,0.004262107
9/22/10,-0.005306865,0.000276784
9/23/10,-0.008605444,0.001106829
9/24/10,0.021236945,-0.003685351
9/27/10,-0.004272262,0.003421559
9/28/10,0.00562932,0.00239503
9/29/10,-0.001672326,-0.000734405
9/30/10,-0.002221788,-0.000368026
10/01/10,0.004453471,-0.001158823
10/04/10,-0.0088694,0.001663092
10/05/10,0.02082412,0
10/06/10,-0.001012746,0.001014154
10/07/10,-0.001331781,0.000460613
10/08/10,0.006741122,0.002026427
10/11/10,0.001510574,-0.000552247
10/12/10,0.003519994,-0.00101117
10/13/10,0.007848814,-9.18E-05
10/14/10,-0.00265141,-0.003681848
10/15/10,0.000831124,-0.002032055
10/18/10,0.005477452,0.003517162
10/19/10,-0.014528854,0.000830472
10/20/10,0.010053213,0.001198698
10/21/10,0.001657596,-0.001565737
10/22/10,0.002980626,0.000461037
10/25/10,0.003301755,9.19E-05
10/26/10,-0.000163511,-0.002303913
10/27/10,-0.001975608,-0.001939534
10/28/10,0,0.002499486
10/29/10,0.001318424,0.00212265
11/01/10,0.000165526,-0.00040968
11/02/10,0.007904462,0.00175459
11/03/10,0.004084504,-0.000183555
11/04/10,0.019523635,0.004796542
11/05/10,0.004469371,-0.002753899
11/08/10,-0.001272059,-0.000460251
11/09/10,-0.0077947,-0.004881787
11/10/10,0.004329004,-0.000833343
11/11/10,-0.00271311,-9.22E-05
11/12/10,-0.012646263,-0.00398398
11/15/10,-0.001459143,-0.005488593
11/16/10,-0.015912694,0.002432032
11/17/10,0.001650731,0.000279637
11/18/10,0.014083341,-0.000279559
11/19/10,0.003979326,0.001119667
11/22/10,0.000162607,0.002423418
11/23/10,-0.014235066,0.001022085
11/24/10,0.016080545,-0.004829067
11/26/10,-0.006782331,0.00205311
11/29/10,-0.001463414,0.000652076
11/30/10,-0.006187707,-0.000651651
12/01/10,0.02146338,-0.005215492
12/02/10,0.012833878,-0.001976586
12/03/10,0.003167362,0.001980501
12/06/10,-0.000315556,0.003670322
12/07/10,0.001105696,-0.007782375
12/08/10,0.002839563,-0.004819435
12/09/10,0.003618456,0.001804149
12/10/10,0.006424934,-0.001895862
12/13/10,0.00031128,0.000664869
12/14/10,0.000312962,-0.005580281
12/15/10,-0.004358762,-0.001736977
12/16/10,0.005956154,0.001911034
12/17/10,0.001927483,0.005439929
12/20/10,0.002557948,0.000664427
12/21/10,0.006034006,0.00189581
12/22/10,0.003802422,-0.001159494
12/23/10,-0.001385732,-0.001871812
12/27/10,0.000616736,0.002849222
12/28/10,0.000924533,-0.005852767
12/29/10,0.001541215,0.007070802
12/30/10,-0.001231424,-0.000759074
12/31/10,-0.000461697,0.004082702
1/03/11,0.010319506,-0.001134281
1/04/11,-0.001981169,0.000283611
1/05/11,0.005497204,-0.004826771
1/06/11,-0.002277979,0.000189937
1/07/11,-0.00228318,0.00323284
1/10/11,0.000762802,0.002654555
1/11/11,0.003963545,-0.001985645
1/12/11,0.008962141,-9.46E-05
1/13/11,-0.001504935,0.003600079
1/14/11,0.006482685,-0.002076898
1/18/11,0.002545742,-0.000662258
1/19/11,-0.011952935,0.00018902
1/20/11,-0.003023525,-0.003784193
1/21/11,0.001667982,0.003134609
1/24/11,0.005602863,-0.000568455
1/25/11,0.000602155,0.003126591
1/26/11,0.005718741,-0.003305473
1/27/11,0.002991854,0.001705531
1/28/11,-0.017902662,0.001419231
1/31/11,0.006531932,-0.00189
2/01/11,0.016451034,-0.002124229
2/02/11,-0.001187502,-0.001142174
2/03/11,0.002229214,-0.003713771
2/04/11,0.002819075,-0.003345789
2/07/11,0.006655689,0.000383107
2/08/11,0.004995902,-0.002876182
2/09/11,-0.002559444,0.001826874
2/10/11,0.001099005,-0.002879218
2/11/11,0.006588457,0.003946256
2/14/11,0.002619125,0.000479553
2/15/11,-0.003192424,0.001246013
2/16/11,0.006549143,0
2/17/11,0.003615469,0.002392499
2/18/11,0.00187242,-0.000381388
2/22/11,-0.021425607,0.003629665
2/23/11,-0.008377254,0.000761436
2/24/11,0.000148152,0.000189369
2/25/11,0.012557379,0.002663057
2/28/11,0.005451073,0.001896168
3/01/11,-0.016881279,-0.000806618
3/02/11,0.002071974,-0.001614538
3/03/11,0.018171168,-0.003521067
3/04/11,-0.006674238,0.002673549
3/07/11,-0.009057237,0.000476106
3/08/11,0.008992655,-0.000761633
3/09/11,-0.001462182,0.002381212
3/10/11,-0.019165851,0.003516721
3/11/11,0.006712285,0.000189155
3/14/11,-0.006075011,0.000567357
3/15/11,-0.010583202,0.000379142
3/16/11,-0.017327525,0.002837453
3/17/11,0.011499899,-0.000659976
3/18/11,0.004697827,-0.000378175
3/21/11,0.015691901,-0.002360304
3/22/11,-0.003268774,9.51E-05
3/23/11,0.002385548,-0.000473133
3/24/11,0.009514415,-0.00274614
3/25/11,0.003593884,-0.000853939
3/28/11,-0.002357335,-0.000475066
3/29/11,0.007386166,-0.001235983
3/30/11,0.007477987,0.001713392
3/31/11,0,-0.001139933
4/01/11,0.004802879,0.001367232
4/04/11,0.000868481,0.001619126
4/05/11,0.000577939,-0.00209182
4/06/11,0.002604951,-0.002955582
4/07/11,-0.002885419,0.001530056
4/08/11,-0.004196619,-0.001909086
4/11/11,-0.003630811,0.000955805
4/12/11,-0.008457675,0.003821822
4/13/11,0.000587288,0.001047729
4/14/11,0.000588606,-0.000951382
4/15/11,0.004847327,0.003617348
4/18/11,-0.011986267,0.001706599
4/19/11,0.005769578,0.001988198
4/20/11,0.014563373,-0.001417483
4/21/11,0.004929122,0.000662357
4/25/11,-0.00101037,0.000567199
4/26/11,0.008810054,0.003685262
4/27/11,0.006585469,-0.00084664
4/28/11,0.002988,0.002355497
4/29/11,0.002552367,0.000846474
5/02/11,-0.001697779,0.000528045
5/03/11,-0.005525163,0.000282139
5/04/11,-0.007409425,0.001883716
5/05/11,-0.008037946,0.002254443
5/06/11,0.004341285,-9.36E-05
5/09/11,0.005331434,0.001124791
5/10/11,0.008884537,-0.001779377
5/11/11,-0.010226875,0.001782549
5/12/11,0.00473602,-0.00149767
5/13/11,-0.00914137,0.001593592
5/16/11,-0.006919687,0.002154418
5/17/11,-0.000872014,0.001121007
5/18/11,0.009589023,-0.001586955
5/19/11,0.002446934,-0.000748054
5/20/11,-0.007465801,0.000935493
5/23/11,-0.012726951,0.000841266
5/24/11,-0.001025911,0.000374192
5/25/11,0.0041062,-0.000186477
5/26/11,0.005987885,0.002147083
5/27/11,0.004646495,0.000931657
5/31/11,0.010837455,0.000278909
6/01/11,-0.022729919,0.004319149
6/02/11,-0.001901531,-0.003996812
6/03/11,-0.010260305,0.001306281
6/06/11,-0.011549422,0.00018668
6/07/11,-0.000449138,0.002049822
6/08/11,-0.005246255,0.000836551
6/09/11,0.007080762,-0.001486685
6/10/11,-0.014212595,-9.26E-05
6/13/11,-0.000151094,-0.001302634
6/14/11,0.01381178,-0.002701443
6/15/11,-0.017815886,0.00252161
6/16/11,0.001676284,0.000652834
6/17/11,0.003195449,0.000930609
6/20/11,0.004702393,-0.001302513
6/21/11,0.015250537,0.000932048
6/22/11,-0.005503491,-0.000650954
6/23/11,-0.00164445,0.00325907
6/24/11,-0.011387765,-0.00092876
6/27/11,0.00852093,-0.001764542
6/28/11,0.013881004,-0.004003136
6/29/11,0.008779179,-0.002990059
6/30/11,0.008998574,-0.000187782
7/01/11,0.014328606,0.000316324
7/05/11,-0.000144509,0.003852885
7/06/11,0.002018552,0.000562206
7/07/11,0.010788761,-0.002807266
7/08/11,-0.007115737,0.005161143
7/11/11,-0.018491724,0.002706921
7/12/11,-0.004381383,0.000837511
7/13/11,0.003814019,0.001954006
7/14/11,-0.008476502,-0.002506619
7/15/11,0.006337426,0.001396186
7/18/11,-0.009226018,-0.001487623
7/19/11,0.016850396,0.002141237
7/20/11,-0.000581358,-0.001578894
7/21/11,0.012218901,-0.001582478
7/22/11,0.001724023,0.002143433
7/25/11,-0.006455981,-0.002881851
7/26/11,-0.004186652,0.002331317
7/27/11,-0.022038851,-0.001674862
7/28/11,-0.003408802,0.001956376
7/29/11,-0.005505251,0.005953286
8/01/11,-0.004487562,0.002387096
8/02/11,-0.026445819,0.004276843
8/03/11,0.005556985,0.001013959
8/04/11,-0.05019297,0.005335849
8/05/11,-0.004201711,-0.006589097
8/08/11,-0.069295346,0.000460432
8/09/11,0.050044393,0.005893825
8/10/11,-0.042511201,0.008146911
8/11/11,0.045785792,-0.012440561
8/12/11,0.006632105,0.004414403
8/15/11,0.021747321,0.001556008
8/16/11,-0.009512427,0.002101979
8/17/11,0.000161377,0.001641715
8/18/11,-0.044595283,0.001456557
8/19/11,-0.017888123,0.000454446
8/22/11,0.000173913,-0.001271658
8/23/11,0.034338856,-0.002366324
8/24/11,0.014251553,-0.005655667
8/25/11,-0.016695812,0.00201885
8/26/11,0.016644065,0.001372698
8/29/11,0.031254657,-0.001097079
8/30/11,0.002725987,0.003112514
8/31/11,0.003997694,-0.000913105
9/01/11,-0.011308316,0.003222728
9/02/11,-0.027389031,0.003009812
9/06/11,-0.006294132,0.002638107
9/07/11,0.029839087,-0.002359085
9/08/11,-0.011978199,0.000272724
9/09/11,-0.026049933,0.001364304
9/12/11,0.007066127,-0.001997761
9/13/11,0.010021488,0.000363764
9/14/11,0.014221735,0.000181816
9/15/11,0.017446154,-0.002908525
9/16/11,0.004807588,0.001458505
9/19/11,-0.010526808,0.002185629
9/20/11,-0.003544451,0.001998156
9/21/11,-0.032514651,0.001631595
9/22/11,-0.03076329,0.00289694
9/23/11,0.005825975,-0.00514445
9/26/11,0.023621013,-0.002268597
9/27/11,0.012632688,-0.001363619
9/28/11,-0.022788061,-0.000819289
9/29/11,0.007318566,-0.000364427
9/30/11,-0.024670529,0.003737797
10/03/11,-0.033089299,0.004089191
10/04/11,0.025083978,-0.003080954
10/05/11,0.020450895,-0.003363661
10/06/11,0.019355792,-0.001642528
10/07/11,-0.009074219,-0.002009895
10/10/11,0.034424965,-0.002013943
10/11/11,0.000819308,0.002385207
10/12/11,0.009500595,-0.001921889
10/13/11,-0.00129822,0.000550016
10/14/11,0.018196879,-0.001649142
10/17/11,-0.020264097,0.003947012
10/18/11,0.020194112,-0.001097975
10/19/11,-0.013250518,0.001464514
10/20/11,0.004530539,-0.000548257
10/21/11,0.018843543,0.000548558
10/24/11,0.016757303,-0.001553572
10/25/11,-0.02043067,0.0051268
10/26/11,0.01085613,-0.002732604
10/27/11,0.034542822,-0.001370046
10/28/11,0.000911565,0.001463175
10/31/11,-0.025322155,0.004748636
11/01/11,-0.026602375,0.004797898
11/02/11,0.016460323,0
11/03/11,0.019497361,-0.002176555
11/04/11,-0.005397231,-0.0002724
11/07/11,0.005117227,0.000818474
11/08/11,0.012032113,-0.001362308
11/09/11,-0.038109912,0.001728365
11/10/11,0.008875834,-0.001907168
11/11/11,0.01979229,-0.001182282
11/14/11,-0.009857701,0.000818985
11/15/11,0.006066597,-0.001274339
11/16/11,-0.016700369,-0.000363808
11/17/11,-0.016354906,-0.000547493
11/18/11,-0.001438568,-0.000181542
11/21/11,-0.018572241,-0.000182631
11/22/11,-0.004730924,0.000729601
11/23/11,-0.022323405,0.0009116
11/25/11,-0.003152375,-0.001366155
11/28/11,0.030104463,-9.08E-05
11/29/11,0.003102857,0.000364206
11/30/11,0.042317099,-0.002552735
12/01/11,0,0.000350193
12/02/11,-0.000468949,0.002572121
12/05/11,0.010936184,0.001100263
12/06/11,0.000464093,-0.000915703
12/07/11,0.002625758,0.001832029
12/08/11,-0.022648057,0.001006458
12/09/11,0.017813741,-0.000547947
12/12/11,-0.015332659,0.000273598
12/13/11,-0.010694659,0.002010392
12/14/11,-0.011448056,0.002463065
12/15/11,0.003699819,-0.002092545
12/16/11,0.003364785,0.003373145
12/19/11,-0.011658516,0.000999964
12/20/11,0.031346867,-0.001361561
12/21/11,0.001906544,-0.002545813
12/22/11,0.010378428,0.00154943
12/23/11,0.007627127,-0.001182532
12/27/11,0.000153178,0.00180159
12/28/11,-0.012200725,0.001728217
12/29/11,0.009851522,0.002360573
12/30/11,-0.004490424,-0.001267683
1/03/12,0.014152407,-0.001995795
1/04/12,0.000459639,-0.001363871
1/05/12,0.004445689,0.001365734
1/06/12,-0.002288672,0.000817904
1/09/12,0.002293922,-0.000817236
1/10/12,0.009918145,-0.000272983
1/11/12,0.001813293,0.003545569
1/12/12,0.002413348,-0.000815237
1/13/12,-0.004664185,0.002266164
1/17/12,0.002267222,0.0002717
1/18/12,0.01206674,-0.001265505
1/19/12,0.006110886,-0.001630777
1/20/12,0.000295436,-0.002539401
1/23/12,0.000277199,-0.000818277
1/24/12,-0.000128664,0.000818947
1/25/12,0.009179201,0.001455528
1/26/12,-0.005134727,0.001996744
1/27/12,0.000737788,0.001630918
1/30/12,-0.00397849,0.002895268
1/31/12,-0.000445102,0.001713875
2/01/12,0.011546479,-0.001760686
2/02/12,0.001755979,0.000270953
2/03/12,0.014898846,-0.000451466
2/06/12,-0.000575723,0.000723711
2/07/12,0.002304218,-0.000993993
2/08/12,0.002154838,-0.000814265
2/09/12,0.00157671,-0.001629858
2/10/12,-0.007872735,0.001359738
2/13/12,0.007647443,0.000362867
2/14/12,-0.001432685,0.000814855
2/15/12,-0.004301027,-0.00036244
2/16/12,0.011952728,-0.000180766
2/17/12,0.001422333,-0.001267671
2/21/12,-0.000425936,-0.001539782
2/22/12,-0.00312697,0.002813394
2/23/12,0.005561665,0.000814634
2/24/12,0.001417492,0.000270978
2/27/12,0.000850553,0.003164701
2/28/12,0.002830141,-0.000721167
2/29/12,-0.00649174,-0.000991932
3/01/12,0.007670396,-0.002021073
3/02/12,-0.004932808,0.002175755
3/05/12,-0.004532714,-0.0014477
3/06/12,-0.016079424,0.001993603
3/07/12,0.008677059,-0.000904192
3/08/12,0.010322898,-0.002263044
3/09/12,0.004966408,-0.000181828
3/12/12,-0.00070643,0.000907228
3/13/12,0.01851085,-0.003354635
3/14/12,-0.002080699,-0.005457781
3/15/12,0.005838414,-0.000457747
3/16/12,0.001521589,9.12E-05
3/19/12,0.003725921,-0.003202263
3/20/12,-0.003437858,0.001468565
3/21/12,-0.001103787,0.002383837
3/22/12,-0.008010527,0.000914196
3/23/12,0.004036831,0.002283927
3/26/12,0.013900585,-0.00072965
3/27/12,-0.003297961,0.001094753
3/28/12,-0.004960252,-0.000181564
3/29/12,-0.001800985,0.002734385
3/30/12,0.002637076,-0.001545606
4/02/12,0.00844163,0.000120921
4/03/12,-0.003294793,-0.004288012
4/04/12,-0.011151337,0.00210718
4/05/12,-0.000696708,0.002285552
4/09/12,-0.011703889,0.004378295
4/10/12,-0.018751525,9.13E-05
4/11/12,0.008333865,9.03E-05
4/12/12,0.015103992,-0.000998047
4/13/12,-0.012211456,0.003089561
4/16/12,-0.000994859,0.000182214
4/17/12,0.015220239,0.000181146
4/18/12,-0.00350395,0.001267793
4/19/12,-0.005764251,-0.000723536
4/20/12,0.001554937,0.000181015
4/23/12,-0.008613289,0.000994885
4/24/12,0.003275823,-0.001446418
4/25/12,0.014764739,0.000453178
4/26/12,0.007274957,0.001538866
4/27/12,0.002360729,-9.09E-05
4/30/12,-0.005126952,-0.000361441
5/01/12,0.006408107,-0.000358473
5/02/12,-0.002215582,0.000997262
5/03/12,-0.008737361,0.001086088
5/04/12,-0.016650755,0.000995188
5/07/12,0.000711975,0.00036162
5/08/12,-0.003696167,0.00072195
5/09/12,-0.005994708,0.000270664
5/10/12,0.002583745,-0.000991825
5/11/12,-0.002720081,0.00072195
5/14/12,-0.011344935,0.002256909
5/15/12,-0.005372567,-0.00054011
5/16/12,-0.004674139,-0.000180819
5/17/12,-0.017311233,0.000630925
5/18/12,-0.008361686,-0.000270079
5/21/12,0.018519756,-0.000179759
5/22/12,0.000295205,-0.002432835
5/23/12,0.001772349,0.001174069
5/24/12,0.001918148,-0.000812655
5/25/12,-0.002355524,0.001535006
5/29/12,0.012101792,-0.000540694
5/30/12,-0.015747573,0.003337458
5/31/12,-0.002519753,0.002967581
6/01/12,-0.025694559,0.002499905
6/04/12,-0.000913293,-0.002329534
6/05/12,0.007627889,-0.002066221
6/06/12,0.02332028,-0.002969559
6/07/12,-0.001183686,0.001534391
6/08/12,0.008739417,-0.000450178
6/11/12,-0.013951215,0.000901787
6/12/12,0.010871721,-0.000810775
6/13/12,-0.007366031,0.002614844
6/14/12,0.010389957,-0.000720302
6/15/12,0.010283116,0.002340621
6/18/12,0.00290882,-0.000269677
6/19/12,0.01058487,-0.001167892
6/20/12,-0.001865583,-0.001528322
6/21/12,-0.022567578,0.001351367
6/22/12,0.008087793,-0.001439581
6/25/12,-0.016332285,0.003151765
6/26/12,0.004769936,-0.001076568
6/27/12,0.009641964,0.000448883
6/28/12,-0.002056599,0.001168208
6/29/12,0.02620741,-0.001346516
7/02/12,0.00272565,0.001919763
7/03/12,0.008154723,-0.000718276
7/05/12,-0.004115665,0.002607666
7/06/12,-0.009405883,0.000716923
7/09/12,-0.00244566,0.001972162
7/10/12,-0.008940582,0.000446875
7/11/12,-0.000727675,-8.93E-05
7/12/12,-0.003931983,0.001788891
7/13/12,0.015643156,0.000356734
7/16/12,-0.002447066,0.000803378
7/17/12,0.006637623,-0.000357333
7/18/12,0.007168266,0.001962488
7/19/12,0.001707825,-0.000801447
7/20/12,-0.009093918,0.001425151
7/23/12,-0.011040393,0.000889831
7/24/12,-0.008990134,0.001244252
7/25/12,0.000146969,0.000354771
7/26/12,0.015213073,-0.000620629
7/27/12,0.019741017,-0.003019378
7/30/12,-0.000988922,0.001692737
7/31/12,-0.005516279,0.000977181
8/01/12,-0.003983138,-0.001155739
8/02/12,-0.006853742,0.000178711
8/03/12,0.020272994,-0.002405603
8/06/12,0.002537246,0.001517879
8/07/12,0.006043876,-0.002674491
8/08/12,0.001257039,-0.001251173
8/09/12,0.000838001,-0.000268807
8/10/12,0.001951646,0.001611244
8/13/12,-0.000835668,-8.91E-05
8/14/12,-0.000278277,-0.002324041
8/15/12,0.002229908,-0.003226101
8/16/12,0.00764461,-0.001258146
8/17/12,0.001930916,0.001169969
8/20/12,-0.000136788,-0.000359648
8/21/12,-0.002065786,0.001348401
8/22/12,-0.001241428,0.004311516
8/23/12,-0.007460877,0.000715501
8/24/12,0.005706866,-0.00071499
8/27/12,-0.000139036,0.001341818
8/28/12,-0.000137527,0.000803607
8/29/12,0.001245553,-0.00098196
8/30/12,-0.007467072,0.00062559
8/31/12,0.005991533,0.003123969
9/04/12,-0.000692505,-0.000191615
9/05/12,0,0
9/06/12,0.01995582,-0.002317972
9/07/12,0.004890969,0.000178953
9/10/12,-0.005949254,0.00017791
9/11/12,0.00217563,-0.001161264
9/12/12,0.004208473,-0.001879003
9/13/12,0.015001373,0.00233062
9/14/12,0.00532685,-0.004113349
9/17/12,-0.004107019,0.001615778
9/18/12,-0.00172798,0.000627626
9/19/12,0.000798571,0.001970868
9/20/12,-0.001331358,-0.000624987
9/21/12,0.000266332,0.001609995
9/24/12,-0.002222768,0.001071941
9/25/12,-0.010199448,0.001605686
9/26/12,-0.006644781,0.000980407
9/27/12,0.009965617,-0.000623101
9/28/12,-0.004595131,0.001407133
10/01/12,0.001764502,-0.000366125
10/02/12,0.001490411,0.000802953
10/03/12,0.003654323,-0.000356917
10/04/12,0.00755163,-0.001425159
10/05/12,-0.000267575,-0.002051653
10/08/12,-0.003882342,0.001519952
10/09/12,-0.010078806,-0.001071219
10/10/12,-0.005838621,0.001608048
10/11/12,0.001503105,0.00124892
10/12/12,-0.004363247,0.000801732
10/15/12,0.00821713,0.00053473
10/16/12,0.010322739,-0.001602327
10/17/12,0.004705438,-0.003119239
10/18/12,-0.002006541,-0.000357312
10/19/12,-0.017296843,0.001252047
10/22/12,0,-0.001340234
10/23/12,-0.012689477,0.002236721
10/24/12,-0.002764532,-0.000714355
10/25/12,0.002772196,-0.002143588
10/26/12,-0.001106724,0.002685746
10/31/12,0.000553215,0.001427957
11/01/12,0.01258324,-0.001316234
11/02/12,-0.010377726,0.000620695
11/05/12,0.00317416,0.001703838
11/06/12,0.007564265,-0.002856011
11/07/12,-0.022388955,0.00232684
11/08/12,-0.012707997,0.001250238
11/09/12,0.000991316,-0.000535434
11/12/12,0.000565018,-0.000267358
11/13/12,-0.003813271,0.001757393
11/14/12,-0.014034476,0.000295061
11/15/12,-0.002588763,-0.000980238
11/16/12,0.005479174,0.000356526
11/19/12,0.020644405,0.000712798
11/20/12,0.00112337,-0.001870012
11/21/12,0.002526288,-0.001694607
11/23/12,0.013016265,0.00062523
11/26/12,-0.001244531,0.000357195
11/27/12,-0.005256336,0.001339756
11/28/12,0.00792693,0.000177792
11/29/12,0.005794242,0.001248343
11/30/12,-0.000274255,-0.000534624
12/03/12,-0.004390791,0.000147527
12/04/12,-0.0013777,0.000627147
12/05/12,0.001931441,0.000895506
12/06/12,0.003168479,-8.92E-05
12/07/12,0.002883953,-0.000894784
12/10/12,0.001231781,0.000179518
12/11/12,0.006289525,-0.000358972
12/12/12,0.000407525,-0.002776513
12/13/12,-0.005704523,-0.00161643
12/14/12,-0.004235031,0.001799389
12/17/12,0.012484835,-0.002424712
12/18/12,0.01165361,-0.002340882
12/19/12,-0.006162104,0.001714813
12/20/12,0.005498557,0.000103903
12/21/12,-0.008506046,0.000886614
12/24/12,-0.003405174,8.97E-05
12/26/12,-0.004781744,0.001355328
12/27/12,-0.000824992,0.000540391
12/28/12,-0.010855134,0.001529778
12/31/12,0.018059659,-0.00179758
1/02/13,0.025382025,-0.001170028
1/03/13,-0.001462845,-0.002524098
1/04/13,0.00533093,0.001084494
1/07/13,-0.002917332,-0.000541659
1/08/13,-0.002659089,0.000903255
1/09/13,0.003067413,-0.000721952
1/10/13,0.006910285,-8.98E-05
1/11/13,0.000132421,0.000992986
1/14/13,-0.001056349,0.000902277
1/15/13,0.001849846,0.000269935
1/16/13,-0.000790916,0.000540732
1/17/13,0.006861952,-0.002160753
1/18/13,0.002752947,0.001172984
1/22/13,0.005228497,-0.000540976
1/23/13,0.001171286,0.001082537
1/24/13,0.001168499,-0.001351204
1/25/13,0.005578199,-0.002435862
1/28/13,-0.000901798,-0.001447298
1/29/13,0.003356985,-0.000634617
1/30/13,-0.003989923,-0.000452717
1/31/13,-0.00180921,0.000906858
2/01/13,0.009708957,-0.002165376
2/04/13,-0.01051313,0.002819373
2/05/13,0.009459207,-0.002086075
2/06/13,0.001797134,0.001727499
2/07/13,-0.00179391,0.000362311
2/08/13,0.006032435,0.000272141
2/11/13,-0.000510587,-0.000997241
2/12/13,0.00165921,-0.000181221
2/13/13,0.001402156,-0.000998417
2/14/13,0.001272524,0.001817395
2/15/13,-0.0011434,9.00E-05
2/19/13,0.006997296,-0.001178602
2/20/13,-0.013267654,0.000636082
2/21/13,-0.006786563,0.000543565
2/22/13,0.009670149,0.000544282
2/25/13,-0.018389198,0.003807898
2/26/13,0.006375074,-0.000270961
2/27/13,0.012280333,0.000271034
2/28/13,-0.000893977,0.000903539
3/01/13,0.002301055,0.000356259
3/04/13,0.004590154,-0.000722324
3/05/13,0.01002839,-0.00081446
3/06/13,0.001507481,-0.00108616
3/07/13,0.002383709,-0.002083903
3/08/13,0.004883036,-0.002904958
3/11/13,0.002865049,0.000546393
3/12/13,-0.001739314,0.001819641
3/13/13,0.001867186,-0.000817149
3/14/13,0.005589763,0.001091098
3/15/13,-0.001112546,0.00090792
3/18/13,-0.005440828,0.000907096
3/19/13,-0.002734619,0.00145125
3/20/13,0.007479985,-0.001086356
3/21/13,-0.008043829,0.000180584
3/22/13,0.006190961,0.00036312
3/25/13,-0.003362378,-0.000362988
3/26/13,0.007497612,0.001178121
3/27/13,0.000744586,0.002081451
3/28/13,0.003469905,0
4/01/13,-0.005310883,0.000907863
4/02/13,0.002980323,-0.001084832
4/03/13,-0.010895378,0.00108601
4/04/13,0.004380613,0.002803487
4/05/13,-0.003488935,0.002886801
4/08/13,0.006128032,-0.001708917
4/09/13,0.002859151,0.000360177
4/10/13,0.012890717,-0.002071273
4/11/13,0.003792362,0.000180397
4/12/13,-0.003534546,0.003248572
4/15/13,-0.024346193,0.000449452
4/16/13,0.014796918,0
4/17/13,-0.014951358,0
4/18/13,-0.006271752,-0.0001797
4/19/13,0.009593065,8.99E-05
4/22/13,0.00425082,0.001258014
4/23/13,0.010832091,-0.000448726
4/24/13,0.001478716,-0.000179571
4/25/13,0.004058463,-0.000449008
4/26/13,-0.001837541,0.002067364
4/29/13,0.006380626,0.000627596
4/30/13,0.003048312,-0.000179201
5/01/13,-0.010211097,0.000463018
5/02/13,0.010439095,8.96E-05
5/03/13,0.009360136,-0.003680206
5/06/13,0.00385365,-0.001622156
5/07/13,0.00551738,-0.000541264
5/08/13,0.004653096,0.000902928
5/09/13,-0.003324452,-0.00135317
5/10/13,0.004407725,-0.001986939
5/13/13,0.000238219,-0.000905134
5/14/13,0.010316936,-0.002356285
5/15/13,0.00434381,0.001453756
5/16/13,-0.004090312,0.002720328
5/17/13,0.010209177,-0.002442255
5/20/13,-0.000116016,-0.000996982
5/21/13,0.001626935,0.000816892
5/22/13,-0.009860336,-0.003355371
5/23/13,-0.001874457,-0.000363092
5/24/13,-0.001290632,0
5/28/13,0.006464049,-0.006188927
5/29/13,-0.00677237,0.001373617
5/30/13,0.004114355,-0.000274752
5/31/13,-0.013347364,-0.00192075
6/03/13,0.004034419,0.000507022
6/04/13,-0.004845712,-0.002202751
6/05/13,-0.014133497,-0.000551649
6/06/13,0.009397002,0.002576461
6/07/13,0.012412262,-0.003120375
6/10/13,0.000353176,-0.002025626
6/11/13,-0.01013361,9.19E-05
6/12/13,-0.008452728,-0.001659985
6/13/13,0.015488237,0.004897224
6/14/13,-0.005675226,0.000275774
6/17/13,0.00701513,-0.000735533
6/18/13,0.007557143,-0.000367528
6/19/13,-0.012773428,-0.006718764
6/20/13,-0.024810449,-0.006670905
6/21/13,0.002556852,-0.005595732
6/24/13,-0.012858414,-0.004033828
6/25/13,0.01000976,0.001129794
6/26/13,0.009298501,0.004234028
6/27/13,0.007394892,0.00421514
6/28/13,-0.00517457,9.29E-05
7/01/13,0.008347208,0.001379063
7/02/13,-0.001079641,0
7/03/13,0.001441509,-0.001399841
7/05/13,0.010672025,-0.010933655
7/08/13,0.005339278,0.005197462
7/09/13,0.007082079,0.001033079
7/10/13,0.000468481,-0.002628263
7/11/13,0.014524961,0.006683645
7/12/13,0.000923115,-0.001121868
7/15/13,0.003807451,0.00215318
7/16/13,-0.004482083,0.001588196
7/17/13,0.00323265,0.002145147
7/18/13,0.005637665,-0.001860905
7/19/13,0.00148712,0.002610124
7/22/13,0.002171206,0.001302692
7/23/13,-0.001824098,-0.000557131
7/24/13,-0.003997892,-0.003253279
7/25/13,0.003669534,0.00037284
7/26/13,0.000114794,-0.000279011
7/29/13,-0.003427371,0
7/30/13,0.001031624,-0.000373835
7/31/13,0.001030561,0.00074692
8/01/13,0.012697573,-0.005653824
8/02/13,0.000451547,0.003380316
8/05/13,0.000112226,0.000468451
8/06/13,-0.006547403,-0.001029285
8/07/13,-0.003976678,0.001311161
8/08/13,0.004107191,0.001403271
8/09/13,-0.002500638,0.000653805
8/12/13,-0.000683031,-0.000653378
8/13/13,0.002166256,-0.004016523
8/14/13,-0.005232507,-0.001311849
8/15/13,-0.014863478,-0.003568072
8/16/13,-0.003250283,-0.002826658
8/19/13,-0.006753246,-0.003118033
8/20/13,0.00656484,0.00293759
8/21/13,-0.00582364,-0.003685458
8/22/13,0.008904342,0.00123303
8/23/13,0.004180158,0.003316412
8/26/13,-0.002544879,0.001793792
8/27/13,-0.017736857,0.002601173
8/28/13,0.003658352,-0.001841907
8/29/13,0.002704859,0.001977188
8/30/13,-0.005863936,-0.001597077
9/03/13,0.005072629,-0.002470553
9/04/13,0.008921065,-0.001418363
9/05/13,0.001162618,-0.006723607
9/06/13,0.000813515,0.00371819
9/09/13,0.011262044,0.001994364
9/10/13,0.007807296,-0.001800535
9/11/13,0.002620427,0.003418409
9/12/13,-0.003067793,-0.00113524
9/13/13,0.002051489,0.001421185
9/16/13,0.005800243,0.002081377
9/17/13,0.005314736,0.000944493
9/18/13,0.011698664,0.008394839
9/19/13,-0.001556841,-0.00121575
9/20/13,-0.006681032,0
9/23/13,-0.004516682,0.000749302
9/24/13,-0.001585395,0.002339945
9/25/13,-0.001813365,0.001400484
9/26/13,0.003861621,-0.000186744
9/27/13,-0.003959871,0.000559309
9/30/13,-0.004655717,-0.000837982
10/01/13,0.008671704,-0.000741164
10/02/13,-0.001697783,0.001309812
10/03/13,-0.008497258,0.000746899
10/04/13,0.007313135,-0.000839634
10/07/13,-0.008961614,-0.000186742
10/08/13,-0.013277816,-0.000467969
10/09/13,-0.000696025,-0.000747458
10/10/13,0.022520493,0.001123053
10/11/13,0.007039975,0.000373589
10/14/13,0.004396651,-0.001868273
10/15/13,-0.007632399,-0.000467686
10/16/13,0.014024949,0.004305748
10/17/13,0.007361645,0.002796414
10/18/13,0.007087588,0.001673578
10/21/13,-0.000549729,-0.000927646
10/22/13,0.005720322,0.003529347
10/23/13,-0.004703361,-0.000277572
10/24/13,0.003846408,-0.000370199
10/25/13,0.003612718,0.000370336
10/28/13,0.000763575,-0.000462749
10/29/13,0.005013953,0.001203705
10/30/13,-0.00585658,-0.001850644
10/31/13,-0.003000675,8.35E-05
11/01/13,0.001368369,-0.002402664
11/04/13,0.004534239,0.001023592
11/05/13,-0.002882077,-0.002974862
11/06/13,0.002618259,0.001584919
11/07/13,-0.013275895,0.000745265
11/08/13,0.013344242,-0.006233117
11/11/13,0.000652926,-0.000561522
11/12/13,-0.001522501,-0.000374901
11/13/13,0.008495438,0.002624262
11/14/13,0.004751929,0.003083687
11/15/13,0.004408148,0.000279938
11/18/13,-0.004709849,0.001955952
11/19/13,-0.002903102,-0.002696289
11/20/13,-0.003127225,-0.002796594
11/21/13,0.008979574,0.001028088
11/22/13,0.004931702,0.001400778
11/25/13,-0.001066848,0.000746446
11/26/13,0.000961188,0.000278942
11/27/13,0.002880796,0.000465795
11/29/13,-0.001383066,0.000372667
12/02/13,-0.00213074,-0.003798765
12/03/13,-0.003843522,0.001216101
12/04/13,-0.001394446,-0.00261753
12/05/13,-0.002897805,-0.002155537
12/06/13,0.010334407,0.001690318
12/09/13,0.002237277,0.00121941
12/10/13,-0.003295275,0.001592118
12/11/13,-0.012372621,-0.001589588
12/12/13,-0.001835774,-0.001498826
12/13/13,0.000324556,0.000469215
12/16/13,0.007029765,0.000750186
12/17/13,-0.003007067,0.00168691
12/18/13,0.016159035,-0.000467854
12/19/13,-0.001378081,-0.001684857
12/20/13,0.006659072,0.001687701
12/23/13,0.005936966,-0.000468073
12/24/13,0.002739053,-0.001404876
12/26/13,0.004730226,-0.000561304
12/27/13,-0.000627653,0.000376809
12/30/13,0.000313464,0.000939101
12/31/13,0.00366302,-0.00093822
,,
,,
,,
,,
,,
,,
,,
,,
,,
,,
,,
,,
,,
,,
,,
,,
,,
,,
,,
,,
,,
,,
,,
,,
,,
,,
,,
,,
,,
,,
,,
,,
,,
,,
,,
,,
,,
,,
,,
,,
,,
,,
,,
,,
,,
,,
,,
,,
,,
,,
,,
,,
,,
,,
,,
,,
,,
,,
,,
,,
,,
,,
,,
,,
,,
,,
,,
,,
,,
,,
,,
,,
,,
,,
,,
,,
,,
,,
,,
,,
,,
,,
,,
,,
,,
,,
,,
,,
,,
,,
,,
,,
,,
,,
,,
,,
,,
,,
,,
,,
,,
,,
,,
,,
,,
,,
,,
,,
,,
,,
,,
,,
,,
,,
,,
,,
,,
,,
,,
,,
,,
,,
,,
,,
,,
,,
,,
,,
,,
,,
,,
,,
,,
,,
,,
,,
,,
,,
,,
,,
,,
,,
,,
,,
,,
,,
,,
,,
,,
,,
,,
,,
,,
,,
,,
,,
,,
,,
,,
,,
,,
,,
,,
,,
,,
,,
,,
,,
,,
,,
,,
,,
,,
,,
,,
,,
,,
,,
,,
,,
,,
,,
,,
,,
,,
,,
,,
,,
,,
,,
,,
,,
,,
,,
,,
,,
,,
,,
,,
,,
,,
,,
,,
,,
,,
,,
,,
,,
,,
,,
,,
,,
,,
,,
,,
,,
,,
,,
,,
,,
,,
,,
,,
,,
,,
,,
,,
,,
,,
,,
,,
,,
,,
,,
,,
,,
,,
,,
,,
,,
,,
,,
,,
,,
,,
,,
,,
,,
,,
,,
,,
,,
,,
,,
,,
,,
,,
,,
,,
,,
,,
,,
,,
,,
,,
,,
,,
,,
,,
,,
,,
,,
,,
,,
,,
,,
,,
,,
,,
,,
,,
,,
,,
,,
,,
,,
,,
,,
,,
,,
,,
,,
,,
,,
,,
,,
,,
,,
,,
,,
,,
,,
,,
,,
,,
,,
,,
,,
,,
,,
,,
,,
,,
,,
,,
,,
,,
,,
,,
,,
,,
,,
,,
,,
,,
,,
,,
,,
,,
,,
,,
,,
,,
,,
,,
,,
,,
,,
,,
,,
,,
,,
,,
,,
,,
,,
,,
,,
,,
,,
,,
,,
,,
,,
,,
,,
,,
,,
,,
,,
,,
,,
,,
,,
,,
,,
,,
,,
,,
,,
,,
,,
,,
,,
,,
,,
,,
,,
,,
,,
,,
,,
,,
,,
,,
,,
,,
,,
,,
,,
,,
,,
,,
,,
,,
,,
,,
,,
,,
,,
,,
,,
,,
,,
,,
,,
,,
,,
,,
,,
,,
,,
,,
,,
,,
,,
,,
,,
,,
,,
,,
,,
,,
,,
,,
,,
,,
,,
,,
,,
,,
,,
,,
,,
,,
,,
,,
,,
,,
,,
,,
,,
,,
,,
,,
,,
,,
,,
,,
,,
,,
,,
,,
,,
,,
,,
,,
,,
,,
,,
,,
,,
,,
,,
,,
,,
,,
,,
,,
,,
,,
,,
,,
,,
,,
,,
,,
,,
,,
,,
,,
,,
,,
,,
,,
,,
,,
,,
,,
,,
,,
,,
,,
,,
,,
,,
,,
,,
,,
,,
,,
,,
,,
,,
,,
,,
,,
,,
,,
,,
,,
,,
,,
,,
,,
,,
,,
,,
,,
,,
,,
,,
,,
,,
,,
,,
,,
,,
,,
,,
,,
,,
,,
,,
,,
,,
,,
,,
,,
,,
,,
,,
,,
,,
,,
,,
,,
,,
,,
,,
,,
,,
,,
,,
,,
,,
,,
,,
,,
,,
,,
,,
,,
,,
,,
,,
,,
,,
,,
,,
,,
,,
,,
,,
,,
,,
,,
,,
,,
,,
,,
,,
,,
,,
,,
,,
,,
,,
,,
,,
,,
,,
,,
,,
,,
,,
,,
,,
,,
,,
,,
,,
,,
,,
,,
,,
,,
,,
,,
,,
,,
,,
,,
,,
,,
,,
,,
,,
,,
,,
,,
,,
,,
,,
,,
,,
,,
,,
,,
,,
,,
,,
,,
,,
,,
,,
,,
,,
,,
,,
,,
,,
,,
,,
,,
,,
,,
,,
,,
,,
,,
,,
,,
,,
,,
,,
,,
,,
,,
,,
,,
,,
,,
,,
,,
,,
,,
,,
,,
,,
,,
,,
,,
,,
,,
,,
,,
,,
,,
,,
,,
,,
,,
,,
,,
,,
,,
,,
,,
,,
,,
,,
,,
,,
,,
,,
,,
,,
,,
,,
,,
,,
,,
,,
,,
,,
,,
,,
,,
,,
,,
,,
,,
,,
,,
,,
,,
,,
,,
,,
,,
,,
,,
,,
,,
,,
,,
,,
,,
,,
,,
,,
,,
,,
,,
,,
,,
,,
,,
,,
,,
,,
,,
,,
,,
,,
,,
,,
,,
,,
,,
,,
,,
,,
,,
,,
,,
,,
,,
,,
,,
,,
,,
,,
,,
,,
,,
,,
,,
,,
,,
,,
,,
,,
,,
,,
,,
,,
,,
,,
,,
,,
,,
,,
,,
,,
,,
,,
,,
,,
,,
,,
,,
,,
,,
,,
,,
,,
,,
,,
,,
,,
,,
,,
,,
,,
,,
,,
,,
,,
,,
,,
,,
,,
,,
,,
,,
,,
,,
,,
,,
,,
,,
,,
,,
,,
,,
,,
,,
,,
,,
,,
,,
,,
,,
,,
,,
,,
,,
,,
,,
,,
,,
,,
,,
,,
,,
,,
,,
,,
,,
,,
,,
,,
,,
,,
,,
,,
,,
,,
,,
,,
,,
,,
,,
,,
,,
,,
,,
,,
,,
,,
,,
,,
,,
,,
,,
,,
,,
,,
,,
,,
,,
,,
,,
,,
,,
,,
,,
,,
,,
,,
,,
,,
,,
,,
,,
,,
,,
,,
,,
,,
,,
,,
,,
,,
,,
,,
,,
,,
,,
,,
,,
,,
,,
,,
,,
,,
,,
,,
,,
,,
,,
,,
